agente,B_C4_remaining,B_fallback,B_P2P_remaining,flexibility_premium,AGRC_compliant
Udenar,43052685.046211936,43052685.046211936,44329173.683586545,1276488.6373746097,True
Mariana,40306476.9489001,40306476.9489001,40248561.64898529,-57915.29991481453,True
UCC,37470718.09348812,37470718.09348812,37227190.98445862,-243527.10902950168,True
HUDN,42156595.77402857,42156595.77402857,42183689.51149415,27093.737465582788,True
Cesmag,45845874.61288859,45845874.61288859,45799137.76356088,-46736.8493277058,True
