escenario,absoluto_Autoconsumo,absoluto_Prima vendedor,absoluto_Ahorro comprador,absoluto_Permutación,absoluto_Excedente neto,absoluto_Excedente bolsa,absoluto_Créditos PDE
P2P,36422806.70400141,298517.2374260723,1054832.5404836845,0.0,0.0,0.0,0.0
C1,36422806.70400141,0.0,0.0,3136206.2162958607,0.0,0.0,0.0
C3,36422806.70400143,0.0,0.0,0.0,0.0,871871.1661760142,0.0
C4,36422806.70400143,0.0,0.0,0.0,0.0,0.0,141864.01127391768
