escenario,absoluto_Autoconsumo,absoluto_Prima vendedor,absoluto_Ahorro comprador,absoluto_Permutación,absoluto_Excedente neto,absoluto_Excedente bolsa,absoluto_Créditos PDE
P2P,210830.9720982759,84.25503396179786,130.44483623969387,0.0,0.0,0.0,0.0
C1,210830.9720982759,0.0,0.0,233.68990002997452,0.0,0.0,0.0
C3,210830.9720982759,0.0,0.0,0.0,0.0,35.5659335252614,0.0
C4,210830.9720982759,0.0,0.0,0.0,0.0,7.725173097708307,209.5873753184714
