escenario,absoluto_Autoconsumo,absoluto_Prima vendedor,absoluto_Ahorro comprador,absoluto_Permutación,absoluto_Excedente neto,absoluto_Excedente bolsa,absoluto_Créditos PDE
P2P,50089831.911063544,655271.8263667545,1711998.2292410126,0.0,0.0,0.0,0.0
C1,50089831.911063544,0.0,0.0,3952336.2306754217,0.0,0.0,0.0
C3,50089831.91106356,0.0,0.0,0.0,0.0,871871.1661760142,0.0
C4,50089831.91106356,0.0,0.0,0.0,0.0,0.0,200302.40655768418
