escenario,absoluto_Autoconsumo,absoluto_Prima vendedor,absoluto_Ahorro comprador,absoluto_Permutación,absoluto_Excedente neto,absoluto_Excedente bolsa,absoluto_Créditos PDE
P2P,98666.2644693242,23747.70437706487,26752.386578081027,0.0,0.0,0.0,0.0
C1,98666.2644693242,0.0,0.0,6161.42663567682,5398.650526001948,0.0,0.0
C3,98666.26446932419,0.0,0.0,0.0,0.0,6050.881545578596,0.0
C4,98666.26446932419,0.0,0.0,0.0,0.0,0.0,5229.375871186611
