agente,B_C4_remaining,B_fallback,B_P2P_remaining,flexibility_premium,AGRC_compliant
Udenar,42552674.50881436,42552674.50881436,44329173.683586545,1776499.174772188,True
Mariana,38470767.56360323,38470767.56360323,40248561.64898529,1777794.0853820592,True
UCC,35935211.820705965,35935211.820705965,37227190.98445862,1291979.1637526527,True
HUDN,40400200.29184805,40400200.29184805,42183689.51149415,1783489.2196461037,True
Cesmag,44048416.76617089,44048416.76617089,45799137.76356088,1750720.9973899946,True
