agente,B_C4_remaining,B_fallback,B_P2P_remaining,flexibility_premium,AGRC_compliant
Udenar,30259844.972852632,30259844.972852632,31324877.342439696,1065032.3695870638,True
Mariana,28538684.45880483,28538684.45880483,29523495.679053143,984811.2202483118,True
UCC,26821134.238394663,26821134.238394663,27497674.7438152,676540.5054205358,True
HUDN,28490023.242974725,28490023.242974725,29429023.116682734,938999.8737080097,True
Cesmag,32328858.01965389,32328858.01965389,33329555.045653913,1000697.0260000229,True
