escenario,ganancia_neta,self_consumption,self_sufficiency,indice_equidad
P2P,52430924.294720896,0.187691086491465,0.9808475393148409,0.36771600026405316
C1,54042168.141738966,0.1761854759386869,0.9207208172101103,-0.011460235871030894
C2,51440813.050391,0.1761854759386869,0.9207208172101103,0.029176557460823337
C3,50961703.07723957,0.1761854759386869,0.9207208172101103,0.037523107137230914
C4,50290134.31762124,0.1761854759386869,0.9207208172101103,0.051732160455960394
