escenario,ganancia_neta,self_consumption,self_sufficiency,indice_equidad
P2P,211140.9591313046,0.19135602524177645,1.0000000000000002,0.20934377259848802
C1,211064.66199830588,0.19108210357755584,0.998568523442758,-0.01128433295373385
C2,210926.2592611031,0.19108210357755584,0.998568523442758,-0.010635570892936739
C3,210866.53803180117,0.19108210357755584,0.998568523442758,-0.01035536493666973
C4,211048.28464669205,0.19108210357755584,0.998568523442758,-0.00998815851609042
