escenario,ganancia_neta,self_consumption,self_sufficiency,indice_equidad
P2P,37776156.481911175,0.18768601992889916,0.9808210621628441,0.40629620713276093
C1,39559012.92029727,0.1761854759386869,0.9207208172101103,-0.08225113630756581
C2,37773787.84332887,0.1761854759386869,0.9207208172101103,-0.04584446681955293
C3,37294677.87017744,0.1761854759386869,0.9207208172101103,-0.035403002041246204
C4,36564670.71527535,0.1761854759386869,0.9207208172101103,-0.016965687229987283
