escenario,ganancia_neta,self_consumption,self_sufficiency,indice_equidad
P2P,52446938.39802137,0.187691086491465,0.9808475393148409,0.36771600026405316
C1,54061626.001068786,0.1761854759386869,0.9207208172101103,-0.011483984235716595
C2,51437445.70648282,0.1761854759386869,0.9207208172101103,0.029574948034155717
C3,50958335.7333314,0.1761854759386869,0.9207208172101103,0.03792579491919362
C4,50288075.724975854,0.1761854759386869,0.9207208172101103,0.052129925778168384
