agente,ganancia_P2P_COP,ganancia_C1_COP,ganancia_C2_COP,ganancia_C3_COP,ganancia_C4_COP,delta_P2P_C4_COP
A1,69557.69032855905,62647.42656579716,63733.322344527376,62647.42656579717,62179.906702618384,7377.783625940669
A2,19171.759150132733,17053.8659699476,16134.254154238839,14165.096867281954,14072.011955582444,5099.747194550289
A3,10632.28374667453,11158.890219448313,9133.044143474433,8538.463706013774,9200.804361307739,1431.4793853667907
A4,46460.81755683516,19366.158875809888,21586.58297443768,19366.15887580989,18442.917321002238,28017.90023583292
A5,1664.6614051120607,0.0,3396.3023882710195,0.0,0.0,1664.6614051120607
A6,1679.1432371565509,0.0,2473.7552135045257,0.0,0.0,1679.1432371565509
