agente,ganancia_P2P_COP,ganancia_C1_COP,ganancia_C2_COP,ganancia_C3_COP,ganancia_C4_COP,delta_P2P_C4_COP
Udenar,41066.36857588539,41120.51627912634,40982.11354192359,40922.392312621625,40894.551552194076,171.8170236913138
Mariana,46893.11112789804,46885.96460070443,46885.964600704436,46885.964600704436,46943.787753237,-50.67662533895782
UCC,57462.687706331795,57455.50443807041,57455.504438070406,57455.504438070406,57526.36270930897,-63.67500297717197
HUDN,40308.56565460097,40258.258253176165,40258.258253176165,40258.258253176165,40307.90764031138,0.6580142895909376
Cesmag,25410.226066588406,25344.418427228506,25344.41842722851,25344.41842722851,25375.674991640637,34.55107494776894
