agente,ganancia_P2P_COP,ganancia_C1_COP,ganancia_C2_COP,ganancia_C3_COP,ganancia_C4_COP,delta_P2P_C4_COP
Udenar,8136217.2278146595,10536466.837629003,8623284.76842968,8246023.9711348275,7587244.490825878,548972.736988781
Mariana,12188800.873909004,12002806.937780332,11897847.601066621,11882255.60276031,11875615.787068523,313185.08684048057
UCC,15208492.285067137,14708609.136146028,14572991.84302698,14554716.65809098,14570260.020677587,638232.2643895503
HUDN,10255873.77768951,10306114.112813098,10070273.093787443,10025686.159195324,9984804.31279297,271069.4648965392
Cesmag,6641540.1302405875,6488171.117370499,6276415.744080276,6253020.686058127,6272209.706256281,369330.42398430686
