agente,ganancia_P2P_COP,ganancia_C1_COP,ganancia_C2_COP,ganancia_C3_COP,ganancia_C4_COP,delta_P2P_C4_COP
Udenar,6451279.139471476,8592498.272728236,7223445.048751766,6846184.251456914,6187404.7711479645,263874.36832351144
Mariana,8252660.802858028,8156901.439035613,8099493.122451973,8083901.1241456615,8070464.517601182,182196.28525684588
UCC,10278481.738095973,9995718.139162958,9921541.217496302,9903266.032560302,9901698.456525072,376783.28157090023
HUDN,8347133.365228436,8404645.416490868,8235880.032034756,8191293.097442638,8142616.982839492,204516.3823889438
Cesmag,4446601.436257259,4409249.652879595,4293428.422594075,4270033.364571926,4262485.9871616345,184115.4490956245
