pgb_COP_kWh,ganancia_P2P_COP,ganancia_C1_COP,ganancia_C2_COP,ganancia_C3_COP,ganancia_C4_COP,ie_p2p,rpe
200.0,38068772.650107875,39559012.920297265,37387793.232092455,37387793.232092455,36564670.71527535,0.40629620713276093,0.03951012418122353
250.0,37885887.54498494,39559012.920297265,37629039.864115216,37629039.864115216,36564670.71527535,0.40629620713276093,0.03487358790633592
280.0,37776156.481911175,39559012.920297265,37773787.84332887,37773787.84332887,36564670.71527535,0.40629620713276093,0.03207011722370269
300.0,37703002.439862,39559012.920297265,37870286.49613798,37870286.49613798,36564670.71527535,0.40629620713276093,0.030192070947196885
350.0,37520117.33473906,39559012.920297265,38111533.12816073,38111533.12816073,36564670.71527535,0.40629620713276093,0.025464915552891536
400.0,37337232.22961611,39559012.920297265,38352779.76018349,38352779.76018349,36564670.71527535,0.40629620713276093,0.020691451085331533
450.0,37154347.124493174,39559012.920297265,38594026.392206244,38594026.392206244,36564670.71527535,0.40629620713276093,0.015870993702082736
500.0,36971462.01937024,39559012.920297265,38835273.024229005,38835273.024229005,36564670.71527535,0.40629620713276093,0.011002846029777451
