pgb_COP_kWh,ganancia_P2P_COP,ganancia_C1_COP,ganancia_C2_COP,ganancia_C3_COP,ganancia_C4_COP,ie_p2p,rpe
200.0,53367397.7594551,53546880.71222195,51747919.965369865,51747919.965369865,53024813.170965046,0.36771600026405316,0.0064193609370687054
250.0,53184432.084332325,53618675.935954146,51989166.59739261,51989166.59739261,53145897.78699552,0.36771600026405316,0.0007245409197131157
280.0,53074652.679258645,53661753.07019346,52133914.57660627,52133914.57660627,53218548.5566138,0.36771600026405316,-0.0027111977204024597
300.0,53001466.409209535,53690471.159686334,52230413.22941537,52230413.22941537,53266982.403025985,0.36771600026405316,-0.0050095971263601526
350.0,52818500.73408675,53762266.38341853,52471659.861438125,52471659.861438125,53388067.01905647,0.36771600026405316,-0.010783461799439984
400.0,52635535.05896397,53834061.60715072,52712906.49346089,52712906.49346089,53509151.63508694,0.36771600026405316,-0.01659746737910647
450.0,52452569.38384119,53905856.830882914,52954153.12548365,52954153.12548365,53630236.251117416,0.36771600026405316,-0.022452033925320487
500.0,52269603.708718404,53977652.0546151,53195399.757506415,53195399.757506415,53751320.867147885,0.36771600026405316,-0.028347587379590852
