pv_factor,cobertura_pct,ganancia_P2P,ganancia_C4,horas_mercado,kwh_p2p,ie_p2p,ss_p2p
1.0,11.3,53074652.679258645,50980729.030029714,1031.0,3659.313502455604,0.36771600026405316,0.9808475393148409
1.0451722110516353,11.81044598488348,55225698.28257976,52996419.85309029,1078.0,3939.557896327542,0.3791694521434641,0.9771306294708922
1.7245341482351981,19.487235875057742,82813076.16552156,78384281.66372176,1576.0,8559.612499163815,0.5199622011479286,0.8958344535699839
2.612930527629088,29.526114962208695,108544852.51474904,101852038.90698375,1688.0,13631.155225725752,0.6119963637714912,0.7796508157744277
3.919395791443632,44.28917244331305,131623955.33186114,125182434.28570183,1562.0,16003.906841624532,0.6993728265114788,0.6296008325697039
5.225861055258176,59.05222992441739,144868064.6080398,139780678.1423664,1403.0,14711.5962545986,0.7371767020649043,0.5168941338988554
