factor,NB_P2P (Stackelberg + RD),rank_P2P (Stackelberg + RD),NB_C1 (CREG 174),rank_C1 (CREG 174),NB_C2 (CREG 101 072),rank_C2 (CREG 101 072),star_P2P (Stackelberg + RD),star_C1 (CREG 174),star_C2 (CREG 101 072)
1.0,4807925.8962346045,2,4950442.5107243825,1,4577608.422898878,3,,,
1.5,5937748.426811149,1,5629861.658460399,3,5759787.559123549,2,★,★,★
2.0,6872104.282642935,1,6644644.836978654,3,6754503.503993278,2,★,★,★
2.5,7744001.116243675,1,7565304.165344727,3,7653322.814229976,2,★,★,★
3.0,8588838.312838381,1,8439828.195175156,3,8512930.42256235,2,★,★,★
