Fecha,Hora,Precio_COP_kWh
2025-04-04,1,107.2
2025-04-04,2,107.2
2025-04-04,3,107.2
2025-04-04,4,107.2
2025-04-04,5,113.72
2025-04-04,6,113.73
2025-04-04,7,113.73
2025-04-04,8,113.73
2025-04-04,9,113.73
2025-04-04,10,113.73
2025-04-04,11,113.73
2025-04-04,12,114.59
2025-04-04,13,113.97
2025-04-04,14,125.47
2025-04-04,15,147.97
2025-04-04,16,147.97
2025-04-04,17,147.97
2025-04-04,18,147.97
2025-04-04,19,189.97
2025-04-04,20,929.97
2025-04-04,21,189.97
2025-04-04,22,147.97
2025-04-04,23,125.47
2025-04-04,24,114.59
2025-04-05,1,115.14
2025-04-05,2,115.14
2025-04-05,3,115.14
2025-04-05,4,115.14
2025-04-05,5,115.14
2025-04-05,6,115.14
2025-04-05,7,115.14
2025-04-05,8,115.14
2025-04-05,9,115.14
2025-04-05,10,115.14
2025-04-05,11,115.14
2025-04-05,12,115.14
2025-04-05,13,115.14
2025-04-05,14,115.14
2025-04-05,15,116.38
2025-04-05,16,116.58
2025-04-05,17,116.68
2025-04-05,18,131.38
2025-04-05,19,131.38
2025-04-05,20,131.38
2025-04-05,21,131.38
2025-04-05,22,131.38
2025-04-05,23,116.68
2025-04-05,24,116.58
2025-04-06,1,120.91
2025-04-06,2,120.91
2025-04-06,3,120.91
2025-04-06,4,120.81
2025-04-06,5,120.81
2025-04-06,6,120.81
2025-04-06,7,120.81
2025-04-06,8,120.61
2025-04-06,9,120.61
2025-04-06,10,119.61
2025-04-06,11,120.61
2025-04-06,12,120.81
2025-04-06,13,120.81
2025-04-06,14,120.91
2025-04-06,15,120.91
2025-04-06,16,130.61
2025-04-06,17,135.61
2025-04-06,18,135.61
2025-04-06,19,150.61
2025-04-06,20,184.61
2025-04-06,21,184.61
2025-04-06,22,150.61
2025-04-06,23,150.61
2025-04-06,24,135.61
2025-04-07,1,116.79
2025-04-07,2,116.79
2025-04-07,3,116.55
2025-04-07,4,116.55
2025-04-07,5,116.79
2025-04-07,6,117.99
2025-04-07,7,117.99
2025-04-07,8,117.99
2025-04-07,9,117.99
2025-04-07,10,117.99
2025-04-07,11,122.79
2025-04-07,12,122.79
2025-04-07,13,122.79
2025-04-07,14,122.79
2025-04-07,15,147.79
2025-04-07,16,147.79
2025-04-07,17,147.79
2025-04-07,18,147.79
2025-04-07,19,272.79
2025-04-07,20,932.79
2025-04-07,21,272.79
2025-04-07,22,147.79
2025-04-07,23,147.79
2025-04-07,24,122.79
2025-04-08,1,115.13
2025-04-08,2,145.03
2025-04-08,3,145.03
2025-04-08,4,125.03
2025-04-08,5,130.03
2025-04-08,6,145.03
2025-04-08,7,145.03
2025-04-08,8,145.03
2025-04-08,9,145.03
2025-04-08,10,145.03
2025-04-08,11,145.03
2025-04-08,12,190.03
2025-04-08,13,145.03
2025-04-08,14,190.03
2025-04-08,15,321.03
2025-04-08,16,321.03
2025-04-08,17,321.03
2025-04-08,18,321.03
2025-04-08,19,321.03
2025-04-08,20,930.03
2025-04-08,21,321.03
2025-04-08,22,321.03
2025-04-08,23,145.03
2025-04-08,24,145.03
2025-04-09,1,109.7
2025-04-09,2,109.7
2025-04-09,3,116.21
2025-04-09,4,116.21
2025-04-09,5,116.96
2025-04-09,6,117.46
2025-04-09,7,116.96
2025-04-09,8,117.46
2025-04-09,9,117.46
2025-04-09,10,117.56
2025-04-09,11,147.46
2025-04-09,12,147.46
2025-04-09,13,147.46
2025-04-09,14,147.46
2025-04-09,15,147.46
2025-04-09,16,147.46
2025-04-09,17,192.46
2025-04-09,18,147.46
2025-04-09,19,540.45
2025-04-09,20,933.46
2025-04-09,21,540.45
2025-04-09,22,192.46
2025-04-09,23,147.46
2025-04-09,24,117.56
2025-04-10,1,117.61
2025-04-10,2,118.11
2025-04-10,3,118.11
2025-04-10,4,118.11
2025-04-10,5,118.11
2025-04-10,6,118.41
2025-04-10,7,118.31
2025-04-10,8,148.11
2025-04-10,9,148.11
2025-04-10,10,148.11
2025-04-10,11,148.11
2025-04-10,12,148.11
2025-04-10,13,148.11
2025-04-10,14,198.11
2025-04-10,15,198.11
2025-04-10,16,198.11
2025-04-10,17,198.11
2025-04-10,18,198.11
2025-04-10,19,198.11
2025-04-10,20,198.11
2025-04-10,21,198.11
2025-04-10,22,198.11
2025-04-10,23,148.11
2025-04-10,24,118.41
2025-04-11,1,109.31
2025-04-11,2,109.31
2025-04-11,3,109.31
2025-04-11,4,109.31
2025-04-11,5,109.31
2025-04-11,6,109.31
2025-04-11,7,109.31
2025-04-11,8,109.31
2025-04-11,9,109.31
2025-04-11,10,109.31
2025-04-11,11,109.31
2025-04-11,12,109.31
2025-04-11,13,109.31
2025-04-11,14,115.83
2025-04-11,15,116.57
2025-04-11,16,117.07
2025-04-11,17,117.07
2025-04-11,18,117.07
2025-04-11,19,147.07
2025-04-11,20,147.07
2025-04-11,21,147.07
2025-04-11,22,117.07
2025-04-11,23,116.57
2025-04-11,24,109.31
2025-04-12,1,107.56
2025-04-12,2,107.56
2025-04-12,3,107.56
2025-04-12,4,107.56
2025-04-12,5,107.56
2025-04-12,6,107.56
2025-04-12,7,107.56
2025-04-12,8,107.56
2025-04-12,9,107.56
2025-04-12,10,107.56
2025-04-12,11,107.56
2025-04-12,12,107.56
2025-04-12,13,107.56
2025-04-12,14,107.56
2025-04-12,15,114.08
2025-04-12,16,114.83
2025-04-12,17,114.83
2025-04-12,18,115.98
2025-04-12,19,140.33
2025-04-12,20,140.33
2025-04-12,21,116.33
2025-04-12,22,116.33
2025-04-12,23,115.33
2025-04-12,24,114.83
2025-04-13,1,108.2
2025-04-13,2,108.2
2025-04-13,3,108.2
2025-04-13,4,108.2
2025-04-13,5,108.2
2025-04-13,6,108.2
2025-04-13,7,108.2
2025-04-13,8,108.2
2025-04-13,9,108.2
2025-04-13,10,108.2
2025-04-13,11,108.2
2025-04-13,12,108.2
2025-04-13,13,108.2
2025-04-13,14,108.2
2025-04-13,15,108.2
2025-04-13,16,108.2
2025-04-13,17,108.2
2025-04-13,18,115.46
2025-04-13,19,116.96
2025-04-13,20,116.96
2025-04-13,21,116.96
2025-04-13,22,116.96
2025-04-13,23,115.96
2025-04-13,24,115.46
2025-04-14,1,107.24
2025-04-14,2,107.24
2025-04-14,3,107.24
2025-04-14,4,107.24
2025-04-14,5,107.24
2025-04-14,6,107.24
2025-04-14,7,107.24
2025-04-14,8,107.24
2025-04-14,9,107.24
2025-04-14,10,107.24
2025-04-14,11,107.24
2025-04-14,12,114.5
2025-04-14,13,114.5
2025-04-14,14,114.5
2025-04-14,15,115.0
2025-04-14,16,116.0
2025-04-14,17,116.0
2025-04-14,18,120.0
2025-04-14,19,120.0
2025-04-14,20,120.0
2025-04-14,21,120.0
2025-04-14,22,120.0
2025-04-14,23,116.0
2025-04-14,24,115.0
2025-04-15,1,115.51
2025-04-15,2,115.51
2025-04-15,3,115.51
2025-04-15,4,115.51
2025-04-15,5,115.51
2025-04-15,6,115.51
2025-04-15,7,115.51
2025-04-15,8,115.51
2025-04-15,9,115.51
2025-04-15,10,115.51
2025-04-15,11,115.51
2025-04-15,12,116.01
2025-04-15,13,116.51
2025-04-15,14,116.96
2025-04-15,15,121.51
2025-04-15,16,121.51
2025-04-15,17,121.51
2025-04-15,18,121.51
2025-04-15,19,121.51
2025-04-15,20,221.51
2025-04-15,21,221.51
2025-04-15,22,121.51
2025-04-15,23,121.51
2025-04-15,24,118.51
2025-04-16,1,107.49
2025-04-16,2,114.01
2025-04-16,3,114.01
2025-04-16,4,114.01
2025-04-16,5,114.01
2025-04-16,6,114.01
2025-04-16,7,114.01
2025-04-16,8,114.01
2025-04-16,9,114.01
2025-04-16,10,114.01
2025-04-16,11,114.01
2025-04-16,12,114.01
2025-04-16,13,115.25
2025-04-16,14,115.64
2025-04-16,15,116.25
2025-04-16,16,118.25
2025-04-16,17,118.25
2025-04-16,18,140.25
2025-04-16,19,200.25
2025-04-16,20,200.25
2025-04-16,21,140.25
2025-04-16,22,140.25
2025-04-16,23,118.25
2025-04-16,24,115.64
2025-04-17,1,114.17
2025-04-17,2,114.17
2025-04-17,3,114.17
2025-04-17,4,114.17
2025-04-17,5,114.17
2025-04-17,6,113.93
2025-04-17,7,113.93
2025-04-17,8,107.41
2025-04-17,9,107.41
2025-04-17,10,107.41
2025-04-17,11,107.41
2025-04-17,12,107.41
2025-04-17,13,113.93
2025-04-17,14,113.93
2025-04-17,15,113.93
2025-04-17,16,114.17
2025-04-17,17,114.17
2025-04-17,18,115.17
2025-04-17,19,120.17
2025-04-17,20,120.17
2025-04-17,21,120.17
2025-04-17,22,120.17
2025-04-17,23,120.17
2025-04-17,24,115.17
2025-04-18,1,113.91
2025-04-18,2,114.91
2025-04-18,3,114.91
2025-04-18,4,113.91
2025-04-18,5,113.91
2025-04-18,6,113.91
2025-04-18,7,113.66
2025-04-18,8,113.66
2025-04-18,9,107.15
2025-04-18,10,107.15
2025-04-18,11,107.15
2025-04-18,12,113.66
2025-04-18,13,113.66
2025-04-18,14,113.66
2025-04-18,15,113.66
2025-04-18,16,113.91
2025-04-18,17,114.91
2025-04-18,18,117.41
2025-04-18,19,117.41
2025-04-18,20,119.91
2025-04-18,21,117.41
2025-04-18,22,117.41
2025-04-18,23,117.41
2025-04-18,24,117.41
2025-04-19,1,115.76
2025-04-19,2,115.76
2025-04-19,3,109.5
2025-04-19,4,115.76
2025-04-19,5,115.76
2025-04-19,6,115.76
2025-04-19,7,115.76
2025-04-19,8,115.76
2025-04-19,9,115.76
2025-04-19,10,115.76
2025-04-19,11,115.76
2025-04-19,12,115.76
2025-04-19,13,116.02
2025-04-19,14,116.02
2025-04-19,15,116.02
2025-04-19,16,116.02
2025-04-19,17,116.26
2025-04-19,18,117.26
2025-04-19,19,122.26
2025-04-19,20,122.26
2025-04-19,21,122.26
2025-04-19,22,122.26
2025-04-19,23,118.87
2025-04-19,24,116.26
2025-04-20,1,116.54
2025-04-20,2,116.54
2025-04-20,3,116.54
2025-04-20,4,116.54
2025-04-20,5,116.54
2025-04-20,6,116.54
2025-04-20,7,116.22
2025-04-20,8,113.29
2025-04-20,9,113.29
2025-04-20,10,113.29
2025-04-20,11,113.29
2025-04-20,12,113.29
2025-04-20,13,116.54
2025-04-20,14,116.54
2025-04-20,15,116.54
2025-04-20,16,116.54
2025-04-20,17,116.54
2025-04-20,18,119.54
2025-04-20,19,119.54
2025-04-20,20,119.54
2025-04-20,21,119.54
2025-04-20,22,119.54
2025-04-20,23,119.54
2025-04-20,24,119.54
2025-04-21,1,106.04
2025-04-21,2,106.04
2025-04-21,3,106.04
2025-04-21,4,106.04
2025-04-21,5,106.04
2025-04-21,6,106.04
2025-04-21,7,106.04
2025-04-21,8,106.04
2025-04-21,9,106.04
2025-04-21,10,106.04
2025-04-21,11,106.04
2025-04-21,12,112.55
2025-04-21,13,106.04
2025-04-21,14,112.55
2025-04-21,15,112.55
2025-04-21,16,113.65
2025-04-21,17,114.28
2025-04-21,18,114.28
2025-04-21,19,128.8
2025-04-21,20,128.8
2025-04-21,21,128.8
2025-04-21,22,113.65
2025-04-21,23,112.55
2025-04-21,24,106.04
2025-04-22,1,107.59
2025-04-22,2,107.59
2025-04-22,3,107.59
2025-04-22,4,107.59
2025-04-22,5,107.59
2025-04-22,6,107.59
2025-04-22,7,107.59
2025-04-22,8,113.85
2025-04-22,9,113.85
2025-04-22,10,113.85
2025-04-22,11,113.85
2025-04-22,12,113.85
2025-04-22,13,113.85
2025-04-22,14,113.85
2025-04-22,15,114.1
2025-04-22,16,114.1
2025-04-22,17,114.1
2025-04-22,18,114.1
2025-04-22,19,115.2
2025-04-22,20,930.35
2025-04-22,21,115.2
2025-04-22,22,114.1
2025-04-22,23,113.85
2025-04-22,24,113.85
2025-04-23,1,109.38
2025-04-23,2,109.38
2025-04-23,3,115.9
2025-04-23,4,115.9
2025-04-23,5,115.9
2025-04-23,6,117.15
2025-04-23,7,117.15
2025-04-23,8,117.15
2025-04-23,9,117.15
2025-04-23,10,117.15
2025-04-23,11,117.15
2025-04-23,12,117.15
2025-04-23,13,117.15
2025-04-23,14,117.15
2025-04-23,15,118.15
2025-04-23,16,118.15
2025-04-23,17,118.15
2025-04-23,18,118.15
2025-04-23,19,331.15
2025-04-23,20,932.15
2025-04-23,21,118.15
2025-04-23,22,118.15
2025-04-23,23,117.15
2025-04-23,24,117.15
2025-04-24,1,113.63
2025-04-24,2,113.63
2025-04-24,3,113.63
2025-04-24,4,113.63
2025-04-24,5,113.63
2025-04-24,6,113.89
2025-04-24,7,113.89
2025-04-24,8,113.89
2025-04-24,9,113.89
2025-04-24,10,113.89
2025-04-24,11,113.89
2025-04-24,12,113.89
2025-04-24,13,113.89
2025-04-24,14,116.13
2025-04-24,15,117.13
2025-04-24,16,118.13
2025-04-24,17,160.13
2025-04-24,18,160.13
2025-04-24,19,160.13
2025-04-24,20,931.13
2025-04-24,21,160.13
2025-04-24,22,118.13
2025-04-24,23,117.13
2025-04-24,24,116.13
2025-04-25,1,108.59
2025-04-25,2,108.59
2025-04-25,3,114.86
2025-04-25,4,108.59
2025-04-25,5,114.86
2025-04-25,6,114.86
2025-04-25,7,114.86
2025-04-25,8,114.86
2025-04-25,9,114.86
2025-04-25,10,114.86
2025-04-25,11,114.86
2025-04-25,12,114.86
2025-04-25,13,115.11
2025-04-25,14,115.11
2025-04-25,15,115.11
2025-04-25,16,115.11
2025-04-25,17,115.36
2025-04-25,18,115.11
2025-04-25,19,116.39
2025-04-25,20,156.36
2025-04-25,21,115.36
2025-04-25,22,115.11
2025-04-25,23,115.11
2025-04-25,24,114.86
2025-04-26,1,108.76
2025-04-26,2,108.76
2025-04-26,3,108.76
2025-04-26,4,108.76
2025-04-26,5,108.76
2025-04-26,6,108.76
2025-04-26,7,108.76
2025-04-26,8,108.76
2025-04-26,9,108.76
2025-04-26,10,108.76
2025-04-26,11,108.76
2025-04-26,12,108.76
2025-04-26,13,108.76
2025-04-26,14,108.76
2025-04-26,15,108.76
2025-04-26,16,115.02
2025-04-26,17,115.02
2025-04-26,18,115.02
2025-04-26,19,115.27
2025-04-26,20,115.27
2025-04-26,21,115.27
2025-04-26,22,115.27
2025-04-26,23,115.02
2025-04-26,24,108.76
2025-04-27,1,110.67
2025-04-27,2,110.67
2025-04-27,3,110.67
2025-04-27,4,110.67
2025-04-27,5,110.67
2025-04-27,6,110.67
2025-04-27,7,110.67
2025-04-27,8,110.67
2025-04-27,9,110.67
2025-04-27,10,110.67
2025-04-27,11,110.67
2025-04-27,12,110.67
2025-04-27,13,110.67
2025-04-27,14,110.67
2025-04-27,15,110.67
2025-04-27,16,110.67
2025-04-27,17,110.67
2025-04-27,18,110.67
2025-04-27,19,112.93
2025-04-27,20,112.93
2025-04-27,21,112.93
2025-04-27,22,112.93
2025-04-27,23,110.67
2025-04-27,24,110.67
2025-04-28,1,108.91
2025-04-28,2,108.91
2025-04-28,3,108.91
2025-04-28,4,108.91
2025-04-28,5,108.91
2025-04-28,6,108.91
2025-04-28,7,108.91
2025-04-28,8,108.91
2025-04-28,9,108.91
2025-04-28,10,108.91
2025-04-28,11,108.91
2025-04-28,12,108.91
2025-04-28,13,108.91
2025-04-28,14,108.91
2025-04-28,15,108.91
2025-04-28,16,108.91
2025-04-28,17,108.91
2025-04-28,18,108.91
2025-04-28,19,115.42
2025-04-28,20,115.42
2025-04-28,21,115.42
2025-04-28,22,111.17
2025-04-28,23,108.91
2025-04-28,24,108.91
2025-04-29,1,107.29
2025-04-29,2,107.29
2025-04-29,3,107.29
2025-04-29,4,107.29
2025-04-29,5,107.29
2025-04-29,6,107.29
2025-04-29,7,107.29
2025-04-29,8,107.29
2025-04-29,9,107.29
2025-04-29,10,107.29
2025-04-29,11,107.29
2025-04-29,12,107.29
2025-04-29,13,107.29
2025-04-29,14,107.29
2025-04-29,15,109.55
2025-04-29,16,113.81
2025-04-29,17,113.81
2025-04-29,18,109.55
2025-04-29,19,113.81
2025-04-29,20,113.81
2025-04-29,21,113.81
2025-04-29,22,107.29
2025-04-29,23,107.29
2025-04-29,24,107.29
2025-04-30,1,107.61
2025-04-30,2,107.61
2025-04-30,3,107.61
2025-04-30,4,107.61
2025-04-30,5,107.61
2025-04-30,6,107.61
2025-04-30,7,107.61
2025-04-30,8,107.61
2025-04-30,9,107.61
2025-04-30,10,107.61
2025-04-30,11,107.61
2025-04-30,12,107.61
2025-04-30,13,107.61
2025-04-30,14,107.61
2025-04-30,15,107.61
2025-04-30,16,107.61
2025-04-30,17,107.61
2025-04-30,18,107.61
2025-04-30,19,109.87
2025-04-30,20,114.12
2025-04-30,21,109.87
2025-04-30,22,107.61
2025-04-30,23,107.61
2025-04-30,24,107.61
2025-05-01,1,107.44
2025-05-01,2,107.44
2025-05-01,3,107.44
2025-05-01,4,107.44
2025-05-01,5,107.44
2025-05-01,6,107.44
2025-05-01,7,107.44
2025-05-01,8,107.44
2025-05-01,9,107.44
2025-05-01,10,107.44
2025-05-01,11,107.44
2025-05-01,12,107.44
2025-05-01,13,107.44
2025-05-01,14,107.44
2025-05-01,15,107.44
2025-05-01,16,107.44
2025-05-01,17,107.44
2025-05-01,18,107.44
2025-05-01,19,109.19
2025-05-01,20,109.19
2025-05-01,21,109.19
2025-05-01,22,107.44
2025-05-01,23,107.44
2025-05-01,24,107.44
2025-05-02,1,107.87
2025-05-02,2,107.87
2025-05-02,3,107.87
2025-05-02,4,107.87
2025-05-02,5,107.87
2025-05-02,6,107.87
2025-05-02,7,107.87
2025-05-02,8,107.87
2025-05-02,9,107.87
2025-05-02,10,107.87
2025-05-02,11,107.87
2025-05-02,12,107.87
2025-05-02,13,107.87
2025-05-02,14,107.87
2025-05-02,15,107.87
2025-05-02,16,109.62
2025-05-02,17,109.62
2025-05-02,18,109.62
2025-05-02,19,112.62
2025-05-02,20,112.62
2025-05-02,21,112.62
2025-05-02,22,109.62
2025-05-02,23,107.87
2025-05-02,24,107.87
2025-05-03,1,108.31
2025-05-03,2,108.31
2025-05-03,3,108.31
2025-05-03,4,108.31
2025-05-03,5,108.31
2025-05-03,6,108.31
2025-05-03,7,108.31
2025-05-03,8,108.31
2025-05-03,9,108.31
2025-05-03,10,108.31
2025-05-03,11,108.31
2025-05-03,12,108.31
2025-05-03,13,108.31
2025-05-03,14,108.31
2025-05-03,15,108.31
2025-05-03,16,108.31
2025-05-03,17,108.31
2025-05-03,18,108.31
2025-05-03,19,108.31
2025-05-03,20,108.31
2025-05-03,21,108.31
2025-05-03,22,108.31
2025-05-03,23,108.31
2025-05-03,24,108.31
2025-05-04,1,105.05
2025-05-04,2,105.05
2025-05-04,3,105.05
2025-05-04,4,105.05
2025-05-04,5,105.05
2025-05-04,6,105.05
2025-05-04,7,105.05
2025-05-04,8,105.05
2025-05-04,9,105.05
2025-05-04,10,105.05
2025-05-04,11,105.05
2025-05-04,12,105.05
2025-05-04,13,105.05
2025-05-04,14,105.05
2025-05-04,15,105.05
2025-05-04,16,105.05
2025-05-04,17,105.05
2025-05-04,18,105.05
2025-05-04,19,105.05
2025-05-04,20,105.05
2025-05-04,21,105.05
2025-05-04,22,105.05
2025-05-04,23,105.05
2025-05-04,24,105.05
2025-05-05,1,106.71
2025-05-05,2,106.71
2025-05-05,3,106.71
2025-05-05,4,106.71
2025-05-05,5,106.71
2025-05-05,6,106.71
2025-05-05,7,106.71
2025-05-05,8,106.71
2025-05-05,9,106.71
2025-05-05,10,106.71
2025-05-05,11,106.71
2025-05-05,12,106.71
2025-05-05,13,106.71
2025-05-05,14,106.71
2025-05-05,15,106.71
2025-05-05,16,106.71
2025-05-05,17,110.46
2025-05-05,18,110.56
2025-05-05,19,111.46
2025-05-05,20,111.46
2025-05-05,21,111.46
2025-05-05,22,111.46
2025-05-05,23,106.71
2025-05-05,24,106.71
2025-05-06,1,109.3
2025-05-06,2,109.3
2025-05-06,3,109.3
2025-05-06,4,109.3
2025-05-06,5,109.3
2025-05-06,6,109.3
2025-05-06,7,109.3
2025-05-06,8,109.3
2025-05-06,9,109.3
2025-05-06,10,109.3
2025-05-06,11,109.3
2025-05-06,12,113.05
2025-05-06,13,113.05
2025-05-06,14,113.05
2025-05-06,15,113.15
2025-05-06,16,114.05
2025-05-06,17,114.05
2025-05-06,18,114.05
2025-05-06,19,619.05
2025-05-06,20,629.05
2025-05-06,21,114.05
2025-05-06,22,114.05
2025-05-06,23,113.15
2025-05-06,24,109.3
2025-05-07,1,110.08
2025-05-07,2,110.08
2025-05-07,3,110.08
2025-05-07,4,110.08
2025-05-07,5,110.08
2025-05-07,6,110.08
2025-05-07,7,110.08
2025-05-07,8,110.08
2025-05-07,9,110.08
2025-05-07,10,110.08
2025-05-07,11,110.08
2025-05-07,12,110.08
2025-05-07,13,110.08
2025-05-07,14,110.08
2025-05-07,15,113.83
2025-05-07,16,113.93
2025-05-07,17,113.93
2025-05-07,18,113.93
2025-05-07,19,114.83
2025-05-07,20,114.83
2025-05-07,21,114.83
2025-05-07,22,114.83
2025-05-07,23,113.83
2025-05-07,24,110.08
2025-05-08,1,106.66
2025-05-08,2,106.66
2025-05-08,3,106.66
2025-05-08,4,106.66
2025-05-08,5,106.66
2025-05-08,6,106.66
2025-05-08,7,106.66
2025-05-08,8,106.66
2025-05-08,9,106.66
2025-05-08,10,106.66
2025-05-08,11,106.66
2025-05-08,12,106.66
2025-05-08,13,106.66
2025-05-08,14,106.66
2025-05-08,15,106.66
2025-05-08,16,110.41
2025-05-08,17,110.51
2025-05-08,18,110.41
2025-05-08,19,111.41
2025-05-08,20,111.41
2025-05-08,21,111.41
2025-05-08,22,110.51
2025-05-08,23,106.66
2025-05-08,24,106.66
2025-05-09,1,105.01
2025-05-09,2,105.01
2025-05-09,3,105.01
2025-05-09,4,105.01
2025-05-09,5,105.01
2025-05-09,6,105.01
2025-05-09,7,105.01
2025-05-09,8,105.01
2025-05-09,9,105.01
2025-05-09,10,105.01
2025-05-09,11,105.01
2025-05-09,12,105.01
2025-05-09,13,105.01
2025-05-09,14,105.01
2025-05-09,15,105.01
2025-05-09,16,105.01
2025-05-09,17,108.86
2025-05-09,18,108.86
2025-05-09,19,109.76
2025-05-09,20,109.76
2025-05-09,21,109.76
2025-05-09,22,109.76
2025-05-09,23,108.76
2025-05-09,24,105.01
2025-05-10,1,104.83
2025-05-10,2,104.83
2025-05-10,3,104.83
2025-05-10,4,104.83
2025-05-10,5,104.83
2025-05-10,6,104.83
2025-05-10,7,104.83
2025-05-10,8,104.83
2025-05-10,9,104.83
2025-05-10,10,104.83
2025-05-10,11,104.83
2025-05-10,12,104.83
2025-05-10,13,104.83
2025-05-10,14,104.83
2025-05-10,15,104.83
2025-05-10,16,104.83
2025-05-10,17,104.83
2025-05-10,18,104.83
2025-05-10,19,108.68
2025-05-10,20,109.58
2025-05-10,21,108.68
2025-05-10,22,108.58
2025-05-10,23,104.83
2025-05-10,24,104.83
2025-05-11,1,109.45
2025-05-11,2,109.45
2025-05-11,3,109.45
2025-05-11,4,109.45
2025-05-11,5,109.45
2025-05-11,6,109.45
2025-05-11,7,109.45
2025-05-11,8,109.45
2025-05-11,9,109.45
2025-05-11,10,109.45
2025-05-11,11,109.45
2025-05-11,12,109.45
2025-05-11,13,109.45
2025-05-11,14,109.45
2025-05-11,15,109.45
2025-05-11,16,109.45
2025-05-11,17,109.45
2025-05-11,18,109.45
2025-05-11,19,109.45
2025-05-11,20,113.19
2025-05-11,21,113.19
2025-05-11,22,109.45
2025-05-11,23,109.45
2025-05-11,24,109.45
2025-05-12,1,107.1
2025-05-12,2,107.1
2025-05-12,3,107.1
2025-05-12,4,107.1
2025-05-12,5,107.1
2025-05-12,6,107.1
2025-05-12,7,107.1
2025-05-12,8,107.1
2025-05-12,9,107.1
2025-05-12,10,107.1
2025-05-12,11,107.1
2025-05-12,12,107.1
2025-05-12,13,107.1
2025-05-12,14,107.1
2025-05-12,15,110.85
2025-05-12,16,110.95
2025-05-12,17,111.85
2025-05-12,18,111.85
2025-05-12,19,250.74
2025-05-12,20,853.5
2025-05-12,21,293.41
2025-05-12,22,115.69
2025-05-12,23,111.85
2025-05-12,24,110.85
2025-05-13,1,111.32
2025-05-13,2,111.32
2025-05-13,3,111.32
2025-05-13,4,111.32
2025-05-13,5,111.32
2025-05-13,6,111.32
2025-05-13,7,111.32
2025-05-13,8,111.32
2025-05-13,9,111.32
2025-05-13,10,111.32
2025-05-13,11,111.32
2025-05-13,12,115.32
2025-05-13,13,111.32
2025-05-13,14,115.32
2025-05-13,15,115.32
2025-05-13,16,115.32
2025-05-13,17,115.32
2025-05-13,18,115.32
2025-05-13,19,1024.02
2025-05-13,20,506.32
2025-05-13,21,476.32
2025-05-13,22,115.32
2025-05-13,23,115.32
2025-05-13,24,111.32
2025-05-14,1,115.37
2025-05-14,2,115.37
2025-05-14,3,115.37
2025-05-14,4,115.37
2025-05-14,5,115.37
2025-05-14,6,115.37
2025-05-14,7,120.02
2025-05-14,8,115.37
2025-05-14,9,120.02
2025-05-14,10,120.02
2025-05-14,11,120.02
2025-05-14,12,120.12
2025-05-14,13,120.02
2025-05-14,14,120.12
2025-05-14,15,120.12
2025-05-14,16,120.12
2025-05-14,17,120.12
2025-05-14,18,120.12
2025-05-14,19,485.12
2025-05-14,20,861.78
2025-05-14,21,120.12
2025-05-14,22,120.12
2025-05-14,23,120.12
2025-05-14,24,120.12
2025-05-15,1,118.83
2025-05-15,2,118.83
2025-05-15,3,118.83
2025-05-15,4,118.83
2025-05-15,5,118.83
2025-05-15,6,118.83
2025-05-15,7,118.83
2025-05-15,8,119.53
2025-05-15,9,119.83
2025-05-15,10,119.53
2025-05-15,11,119.53
2025-05-15,12,119.83
2025-05-15,13,119.83
2025-05-15,14,129.83
2025-05-15,15,129.83
2025-05-15,16,129.83
2025-05-15,17,129.83
2025-05-15,18,129.83
2025-05-15,19,129.83
2025-05-15,20,129.83
2025-05-15,21,129.83
2025-05-15,22,129.83
2025-05-15,23,119.83
2025-05-15,24,119.53
2025-05-16,1,108.24
2025-05-16,2,108.24
2025-05-16,3,108.24
2025-05-16,4,108.24
2025-05-16,5,108.24
2025-05-16,6,108.24
2025-05-16,7,108.24
2025-05-16,8,108.24
2025-05-16,9,111.99
2025-05-16,10,111.99
2025-05-16,11,111.99
2025-05-16,12,111.99
2025-05-16,13,111.99
2025-05-16,14,111.99
2025-05-16,15,111.99
2025-05-16,16,112.39
2025-05-16,17,112.39
2025-05-16,18,112.39
2025-05-16,19,112.99
2025-05-16,20,112.99
2025-05-16,21,112.99
2025-05-16,22,112.39
2025-05-16,23,111.99
2025-05-16,24,111.99
2025-05-17,1,112.17
2025-05-17,2,112.17
2025-05-17,3,112.17
2025-05-17,4,112.17
2025-05-17,5,112.17
2025-05-17,6,112.17
2025-05-17,7,112.17
2025-05-17,8,112.17
2025-05-17,9,112.17
2025-05-17,10,112.17
2025-05-17,11,112.17
2025-05-17,12,112.17
2025-05-17,13,112.17
2025-05-17,14,112.17
2025-05-17,15,112.17
2025-05-17,16,112.17
2025-05-17,17,112.17
2025-05-17,18,113.17
2025-05-17,19,117.17
2025-05-17,20,117.17
2025-05-17,21,116.72
2025-05-17,22,113.17
2025-05-17,23,112.17
2025-05-17,24,112.17
2025-05-18,1,106.7
2025-05-18,2,106.7
2025-05-18,3,106.7
2025-05-18,4,106.7
2025-05-18,5,106.7
2025-05-18,6,106.7
2025-05-18,7,106.7
2025-05-18,8,106.7
2025-05-18,9,106.7
2025-05-18,10,106.7
2025-05-18,11,106.7
2025-05-18,12,106.7
2025-05-18,13,106.7
2025-05-18,14,106.7
2025-05-18,15,106.7
2025-05-18,16,106.7
2025-05-18,17,106.7
2025-05-18,18,106.7
2025-05-18,19,110.45
2025-05-18,20,110.45
2025-05-18,21,110.45
2025-05-18,22,110.45
2025-05-18,23,106.7
2025-05-18,24,106.7
2025-05-19,1,105.75
2025-05-19,2,105.75
2025-05-19,3,105.75
2025-05-19,4,105.75
2025-05-19,5,105.75
2025-05-19,6,105.75
2025-05-19,7,105.75
2025-05-19,8,105.75
2025-05-19,9,105.75
2025-05-19,10,105.75
2025-05-19,11,105.75
2025-05-19,12,109.5
2025-05-19,13,109.5
2025-05-19,14,109.5
2025-05-19,15,109.5
2025-05-19,16,109.5
2025-05-19,17,109.5
2025-05-19,18,109.5
2025-05-19,19,114.0
2025-05-19,20,485.5
2025-05-19,21,114.0
2025-05-19,22,110.5
2025-05-19,23,109.5
2025-05-19,24,109.5
2025-05-20,1,110.45
2025-05-20,2,110.45
2025-05-20,3,110.45
2025-05-20,4,110.45
2025-05-20,5,110.45
2025-05-20,6,110.45
2025-05-20,7,110.45
2025-05-20,8,110.45
2025-05-20,9,110.45
2025-05-20,10,110.45
2025-05-20,11,110.45
2025-05-20,12,110.45
2025-05-20,13,110.45
2025-05-20,14,110.45
2025-05-20,15,115.2
2025-05-20,16,115.2
2025-05-20,17,116.2
2025-05-20,18,115.2
2025-05-20,19,480.2
2025-05-20,20,856.86
2025-05-20,21,400.2
2025-05-20,22,115.2
2025-05-20,23,114.2
2025-05-20,24,110.45
2025-05-21,1,106.68
2025-05-21,2,106.68
2025-05-21,3,106.68
2025-05-21,4,106.68
2025-05-21,5,106.68
2025-05-21,6,106.68
2025-05-21,7,106.68
2025-05-21,8,106.68
2025-05-21,9,106.68
2025-05-21,10,106.68
2025-05-21,11,106.68
2025-05-21,12,106.68
2025-05-21,13,106.68
2025-05-21,14,106.68
2025-05-21,15,110.43
2025-05-21,16,110.43
2025-05-21,17,111.43
2025-05-21,18,112.43
2025-05-21,19,476.43
2025-05-21,20,853.09
2025-05-21,21,476.43
2025-05-21,22,112.43
2025-05-21,23,110.43
2025-05-21,24,106.68
2025-05-22,1,108.28
2025-05-22,2,108.28
2025-05-22,3,108.28
2025-05-22,4,108.28
2025-05-22,5,108.28
2025-05-22,6,108.28
2025-05-22,7,108.28
2025-05-22,8,108.28
2025-05-22,9,111.93
2025-05-22,10,112.03
2025-05-22,11,112.03
2025-05-22,12,112.03
2025-05-22,13,112.03
2025-05-22,14,112.03
2025-05-22,15,112.03
2025-05-22,16,116.22
2025-05-22,17,113.03
2025-05-22,18,113.03
2025-05-22,19,458.03
2025-05-22,20,854.69
2025-05-22,21,113.03
2025-05-22,22,113.03
2025-05-22,23,112.03
2025-05-22,24,112.03
2025-05-23,1,113.15
2025-05-23,2,113.15
2025-05-23,3,113.15
2025-05-23,4,113.15
2025-05-23,5,113.15
2025-05-23,6,113.15
2025-05-23,7,113.15
2025-05-23,8,113.15
2025-05-23,9,113.15
2025-05-23,10,113.15
2025-05-23,11,113.15
2025-05-23,12,113.15
2025-05-23,13,113.15
2025-05-23,14,113.15
2025-05-23,15,116.8
2025-05-23,16,117.9
2025-05-23,17,117.9
2025-05-23,18,117.9
2025-05-23,19,462.9
2025-05-23,20,859.56
2025-05-23,21,462.9
2025-05-23,22,117.9
2025-05-23,23,116.9
2025-05-23,24,113.15
2025-05-24,1,107.85
2025-05-24,2,107.85
2025-05-24,3,107.85
2025-05-24,4,107.85
2025-05-24,5,107.85
2025-05-24,6,107.85
2025-05-24,7,107.85
2025-05-24,8,107.85
2025-05-24,9,107.85
2025-05-24,10,107.85
2025-05-24,11,107.85
2025-05-24,12,111.55
2025-05-24,13,111.55
2025-05-24,14,111.55
2025-05-24,15,111.6
2025-05-24,16,111.6
2025-05-24,17,111.6
2025-05-24,18,111.6
2025-05-24,19,112.6
2025-05-24,20,112.6
2025-05-24,21,111.6
2025-05-24,22,111.6
2025-05-24,23,111.6
2025-05-24,24,111.55
2025-05-25,1,108.42
2025-05-25,2,108.42
2025-05-25,3,108.42
2025-05-25,4,108.42
2025-05-25,5,108.42
2025-05-25,6,108.42
2025-05-25,7,108.42
2025-05-25,8,108.42
2025-05-25,9,108.42
2025-05-25,10,108.42
2025-05-25,11,108.42
2025-05-25,12,108.42
2025-05-25,13,108.42
2025-05-25,14,108.42
2025-05-25,15,108.42
2025-05-25,16,108.42
2025-05-25,17,108.42
2025-05-25,18,111.17
2025-05-25,19,112.17
2025-05-25,20,112.17
2025-05-25,21,112.17
2025-05-25,22,112.17
2025-05-25,23,111.82
2025-05-25,24,111.17
2025-05-26,1,108.61
2025-05-26,2,108.61
2025-05-26,3,108.61
2025-05-26,4,108.61
2025-05-26,5,108.61
2025-05-26,6,108.61
2025-05-26,7,108.61
2025-05-26,8,108.61
2025-05-26,9,108.61
2025-05-26,10,108.61
2025-05-26,11,108.61
2025-05-26,12,111.36
2025-05-26,13,111.36
2025-05-26,14,112.36
2025-05-26,15,113.36
2025-05-26,16,113.36
2025-05-26,17,113.36
2025-05-26,18,112.36
2025-05-26,19,113.36
2025-05-26,20,113.36
2025-05-26,21,113.36
2025-05-26,22,113.36
2025-05-26,23,111.36
2025-05-26,24,108.61
2025-05-27,1,105.98
2025-05-27,2,105.98
2025-05-27,3,105.98
2025-05-27,4,105.98
2025-05-27,5,105.98
2025-05-27,6,105.98
2025-05-27,7,105.98
2025-05-27,8,108.68
2025-05-27,9,108.73
2025-05-27,10,108.73
2025-05-27,11,108.73
2025-05-27,12,108.73
2025-05-27,13,108.73
2025-05-27,14,108.73
2025-05-27,15,109.73
2025-05-27,16,110.73
2025-05-27,17,110.73
2025-05-27,18,110.73
2025-05-27,19,114.06
2025-05-27,20,455.73
2025-05-27,21,110.73
2025-05-27,22,110.73
2025-05-27,23,108.73
2025-05-27,24,105.98
2025-05-28,1,105.22
2025-05-28,2,105.22
2025-05-28,3,105.22
2025-05-28,4,105.22
2025-05-28,5,105.22
2025-05-28,6,105.22
2025-05-28,7,105.22
2025-05-28,8,105.22
2025-05-28,9,105.22
2025-05-28,10,105.22
2025-05-28,11,107.97
2025-05-28,12,107.97
2025-05-28,13,107.97
2025-05-28,14,107.97
2025-05-28,15,108.97
2025-05-28,16,109.97
2025-05-28,17,109.97
2025-05-28,18,109.97
2025-05-28,19,113.47
2025-05-28,20,454.97
2025-05-28,21,109.97
2025-05-28,22,109.97
2025-05-28,23,107.97
2025-05-28,24,105.22
2025-05-29,1,105.49
2025-05-29,2,105.49
2025-05-29,3,105.49
2025-05-29,4,105.49
2025-05-29,5,105.49
2025-05-29,6,105.49
2025-05-29,7,105.49
2025-05-29,8,105.49
2025-05-29,9,105.49
2025-05-29,10,105.49
2025-05-29,11,105.49
2025-05-29,12,108.14
2025-05-29,13,108.19
2025-05-29,14,108.74
2025-05-29,15,108.74
2025-05-29,16,108.74
2025-05-29,17,113.66
2025-05-29,18,110.24
2025-05-29,19,113.66
2025-05-29,20,851.89
2025-05-29,21,455.24
2025-05-29,22,110.24
2025-05-29,23,108.74
2025-05-29,24,108.19
2025-05-30,1,107.02
2025-05-30,2,107.02
2025-05-30,3,107.02
2025-05-30,4,107.02
2025-05-30,5,107.02
2025-05-30,6,107.02
2025-05-30,7,107.02
2025-05-30,8,109.72
2025-05-30,9,109.72
2025-05-30,10,109.72
2025-05-30,11,110.27
2025-05-30,12,110.27
2025-05-30,13,109.72
2025-05-30,14,110.27
2025-05-30,15,110.27
2025-05-30,16,110.27
2025-05-30,17,110.27
2025-05-30,18,111.77
2025-05-30,19,111.77
2025-05-30,20,115.39
2025-05-30,21,111.77
2025-05-30,22,110.27
2025-05-30,23,110.27
2025-05-30,24,109.72
2025-05-31,1,105.78
2025-05-31,2,105.78
2025-05-31,3,105.78
2025-05-31,4,105.78
2025-05-31,5,105.78
2025-05-31,6,105.78
2025-05-31,7,105.78
2025-05-31,8,105.78
2025-05-31,9,105.78
2025-05-31,10,108.48
2025-05-31,11,108.48
2025-05-31,12,109.03
2025-05-31,13,108.48
2025-05-31,14,108.93
2025-05-31,15,109.03
2025-05-31,16,109.03
2025-05-31,17,109.03
2025-05-31,18,109.03
2025-05-31,19,109.03
2025-05-31,20,110.53
2025-05-31,21,109.03
2025-05-31,22,109.03
2025-05-31,23,109.03
2025-05-31,24,108.48
2025-06-01,1,106.85
2025-06-01,2,106.85
2025-06-01,3,106.85
2025-06-01,4,106.85
2025-06-01,5,106.85
2025-06-01,6,106.85
2025-06-01,7,106.85
2025-06-01,8,106.85
2025-06-01,9,106.85
2025-06-01,10,106.85
2025-06-01,11,106.85
2025-06-01,12,106.85
2025-06-01,13,106.85
2025-06-01,14,106.85
2025-06-01,15,106.85
2025-06-01,16,106.85
2025-06-01,17,106.85
2025-06-01,18,106.85
2025-06-01,19,112.35
2025-06-01,20,112.35
2025-06-01,21,112.35
2025-06-01,22,112.35
2025-06-01,23,111.8
2025-06-01,24,108.85
2025-06-02,1,106.06
2025-06-02,2,106.06
2025-06-02,3,106.06
2025-06-02,4,106.06
2025-06-02,5,106.06
2025-06-02,6,106.06
2025-06-02,7,106.06
2025-06-02,8,106.06
2025-06-02,9,106.06
2025-06-02,10,106.06
2025-06-02,11,108.06
2025-06-02,12,108.06
2025-06-02,13,110.06
2025-06-02,14,111.01
2025-06-02,15,111.01
2025-06-02,16,111.01
2025-06-02,17,111.36
2025-06-02,18,111.56
2025-06-02,19,111.56
2025-06-02,20,111.56
2025-06-02,21,111.56
2025-06-02,22,111.56
2025-06-02,23,111.56
2025-06-02,24,111.01
2025-06-03,1,106.21
2025-06-03,2,106.21
2025-06-03,3,106.21
2025-06-03,4,106.21
2025-06-03,5,106.21
2025-06-03,6,106.21
2025-06-03,7,106.21
2025-06-03,8,106.21
2025-06-03,9,106.21
2025-06-03,10,106.21
2025-06-03,11,108.21
2025-06-03,12,108.21
2025-06-03,13,106.21
2025-06-03,14,108.21
2025-06-03,15,111.51
2025-06-03,16,111.71
2025-06-03,17,111.71
2025-06-03,18,111.71
2025-06-03,19,111.81
2025-06-03,20,114.1
2025-06-03,21,112.81
2025-06-03,22,111.81
2025-06-03,23,110.21
2025-06-03,24,108.21
2025-06-04,1,104.87
2025-06-04,2,104.87
2025-06-04,3,104.87
2025-06-04,4,104.87
2025-06-04,5,104.87
2025-06-04,6,104.87
2025-06-04,7,104.87
2025-06-04,8,104.87
2025-06-04,9,104.87
2025-06-04,10,104.87
2025-06-04,11,104.87
2025-06-04,12,104.87
2025-06-04,13,104.87
2025-06-04,14,110.17
2025-06-04,15,110.17
2025-06-04,16,110.37
2025-06-04,17,110.37
2025-06-04,18,110.37
2025-06-04,19,111.27
2025-06-04,20,111.47
2025-06-04,21,111.37
2025-06-04,22,111.37
2025-06-04,23,110.37
2025-06-04,24,104.87
2025-06-05,1,109.03
2025-06-05,2,109.03
2025-06-05,3,109.03
2025-06-05,4,109.03
2025-06-05,5,109.03
2025-06-05,6,109.03
2025-06-05,7,109.03
2025-06-05,8,109.53
2025-06-05,9,111.03
2025-06-05,10,111.03
2025-06-05,11,114.33
2025-06-05,12,115.63
2025-06-05,13,114.33
2025-06-05,14,116.27
2025-06-05,15,115.63
2025-06-05,16,115.67
2025-06-05,17,116.27
2025-06-05,18,116.27
2025-06-05,19,116.27
2025-06-05,20,116.27
2025-06-05,21,116.27
2025-06-05,22,116.27
2025-06-05,23,111.03
2025-06-05,24,109.03
2025-06-06,1,105.77
2025-06-06,2,105.77
2025-06-06,3,105.77
2025-06-06,4,105.77
2025-06-06,5,105.77
2025-06-06,6,105.77
2025-06-06,7,105.77
2025-06-06,8,105.77
2025-06-06,9,105.77
2025-06-06,10,105.77
2025-06-06,11,105.77
2025-06-06,12,106.17
2025-06-06,13,106.17
2025-06-06,14,106.27
2025-06-06,15,106.37
2025-06-06,16,110.77
2025-06-06,17,110.77
2025-06-06,18,110.77
2025-06-06,19,110.77
2025-06-06,20,110.87
2025-06-06,21,110.77
2025-06-06,22,110.77
2025-06-06,23,106.27
2025-06-06,24,106.17
2025-06-07,1,104.91
2025-06-07,2,104.91
2025-06-07,3,104.91
2025-06-07,4,104.91
2025-06-07,5,104.91
2025-06-07,6,104.91
2025-06-07,7,104.91
2025-06-07,8,104.91
2025-06-07,9,104.91
2025-06-07,10,104.91
2025-06-07,11,104.91
2025-06-07,12,104.91
2025-06-07,13,104.91
2025-06-07,14,104.91
2025-06-07,15,104.91
2025-06-07,16,104.92
2025-06-07,17,104.92
2025-06-07,18,105.51
2025-06-07,19,109.91
2025-06-07,20,109.91
2025-06-07,21,109.91
2025-06-07,22,109.91
2025-06-07,23,105.51
2025-06-07,24,104.92
2025-06-08,1,108.24
2025-06-08,2,108.24
2025-06-08,3,108.24
2025-06-08,4,108.24
2025-06-08,5,108.24
2025-06-08,6,108.24
2025-06-08,7,108.24
2025-06-08,8,108.24
2025-06-08,9,108.24
2025-06-08,10,108.24
2025-06-08,11,108.24
2025-06-08,12,108.24
2025-06-08,13,108.24
2025-06-08,14,108.24
2025-06-08,15,108.24
2025-06-08,16,108.24
2025-06-08,17,108.24
2025-06-08,18,108.24
2025-06-08,19,113.14
2025-06-08,20,113.24
2025-06-08,21,113.24
2025-06-08,22,113.14
2025-06-08,23,108.84
2025-06-08,24,108.24
2025-06-09,1,107.13
2025-06-09,2,107.13
2025-06-09,3,107.13
2025-06-09,4,107.13
2025-06-09,5,107.13
2025-06-09,6,107.13
2025-06-09,7,107.13
2025-06-09,8,107.13
2025-06-09,9,107.13
2025-06-09,10,107.13
2025-06-09,11,107.13
2025-06-09,12,107.63
2025-06-09,13,107.63
2025-06-09,14,107.73
2025-06-09,15,112.03
2025-06-09,16,113.77
2025-06-09,17,119.13
2025-06-09,18,115.18
2025-06-09,19,149.13
2025-06-09,20,149.13
2025-06-09,21,149.13
2025-06-09,22,149.13
2025-06-09,23,112.03
2025-06-09,24,107.73
2025-06-10,1,108.9
2025-06-10,2,108.9
2025-06-10,3,108.9
2025-06-10,4,108.9
2025-06-10,5,108.9
2025-06-10,6,108.9
2025-06-10,7,108.9
2025-06-10,8,108.9
2025-06-10,9,108.9
2025-06-10,10,108.9
2025-06-10,11,108.9
2025-06-10,12,108.9
2025-06-10,13,108.9
2025-06-10,14,108.9
2025-06-10,15,108.9
2025-06-10,16,108.9
2025-06-10,17,108.9
2025-06-10,18,108.9
2025-06-10,19,109.5
2025-06-10,20,109.5
2025-06-10,21,109.4
2025-06-10,22,108.9
2025-06-10,23,108.9
2025-06-10,24,108.9
2025-06-11,1,108.23
2025-06-11,2,108.23
2025-06-11,3,108.23
2025-06-11,4,108.23
2025-06-11,5,108.23
2025-06-11,6,108.23
2025-06-11,7,108.23
2025-06-11,8,108.23
2025-06-11,9,108.23
2025-06-11,10,108.23
2025-06-11,11,108.23
2025-06-11,12,108.23
2025-06-11,13,108.23
2025-06-11,14,108.23
2025-06-11,15,108.23
2025-06-11,16,108.23
2025-06-11,17,108.23
2025-06-11,18,108.23
2025-06-11,19,108.63
2025-06-11,20,108.63
2025-06-11,21,108.63
2025-06-11,22,108.23
2025-06-11,23,108.23
2025-06-11,24,108.23
2025-06-12,1,110.18
2025-06-12,2,110.18
2025-06-12,3,110.18
2025-06-12,4,110.18
2025-06-12,5,110.18
2025-06-12,6,110.18
2025-06-12,7,110.18
2025-06-12,8,110.18
2025-06-12,9,110.18
2025-06-12,10,110.18
2025-06-12,11,110.18
2025-06-12,12,110.18
2025-06-12,13,110.18
2025-06-12,14,110.18
2025-06-12,15,115.18
2025-06-12,16,115.18
2025-06-12,17,115.18
2025-06-12,18,110.48
2025-06-12,19,115.18
2025-06-12,20,115.18
2025-06-12,21,115.18
2025-06-12,22,110.18
2025-06-12,23,110.18
2025-06-12,24,110.18
2025-06-13,1,109.25
2025-06-13,2,109.25
2025-06-13,3,109.25
2025-06-13,4,109.25
2025-06-13,5,109.25
2025-06-13,6,109.25
2025-06-13,7,109.25
2025-06-13,8,109.25
2025-06-13,9,109.25
2025-06-13,10,109.25
2025-06-13,11,109.25
2025-06-13,12,109.25
2025-06-13,13,109.25
2025-06-13,14,109.25
2025-06-13,15,109.25
2025-06-13,16,109.25
2025-06-13,17,109.25
2025-06-13,18,109.25
2025-06-13,19,109.65
2025-06-13,20,111.25
2025-06-13,21,109.65
2025-06-13,22,109.25
2025-06-13,23,109.25
2025-06-13,24,109.25
2025-06-14,1,109.72
2025-06-14,2,109.72
2025-06-14,3,109.72
2025-06-14,4,109.72
2025-06-14,5,109.72
2025-06-14,6,109.72
2025-06-14,7,109.72
2025-06-14,8,109.72
2025-06-14,9,109.72
2025-06-14,10,109.72
2025-06-14,11,109.72
2025-06-14,12,109.72
2025-06-14,13,109.72
2025-06-14,14,109.72
2025-06-14,15,109.72
2025-06-14,16,109.72
2025-06-14,17,110.02
2025-06-14,18,115.72
2025-06-14,19,151.72
2025-06-14,20,118.13
2025-06-14,21,116.36
2025-06-14,22,110.72
2025-06-14,23,109.72
2025-06-14,24,109.72
2025-06-15,1,112.67
2025-06-15,2,112.67
2025-06-15,3,112.67
2025-06-15,4,112.67
2025-06-15,5,112.67
2025-06-15,6,112.67
2025-06-15,7,112.67
2025-06-15,8,112.67
2025-06-15,9,112.67
2025-06-15,10,112.67
2025-06-15,11,112.67
2025-06-15,12,112.67
2025-06-15,13,112.67
2025-06-15,14,112.67
2025-06-15,15,112.67
2025-06-15,16,112.67
2025-06-15,17,112.67
2025-06-15,18,112.67
2025-06-15,19,112.67
2025-06-15,20,112.67
2025-06-15,21,112.67
2025-06-15,22,112.67
2025-06-15,23,112.67
2025-06-15,24,112.67
2025-06-16,1,110.16
2025-06-16,2,110.16
2025-06-16,3,110.16
2025-06-16,4,110.16
2025-06-16,5,110.16
2025-06-16,6,110.16
2025-06-16,7,110.16
2025-06-16,8,110.16
2025-06-16,9,110.16
2025-06-16,10,110.16
2025-06-16,11,110.16
2025-06-16,12,110.16
2025-06-16,13,110.16
2025-06-16,14,110.16
2025-06-16,15,110.16
2025-06-16,16,110.16
2025-06-16,17,110.16
2025-06-16,18,110.16
2025-06-16,19,116.16
2025-06-16,20,116.79
2025-06-16,21,116.16
2025-06-16,22,116.16
2025-06-16,23,110.16
2025-06-16,24,110.16
2025-06-17,1,105.65
2025-06-17,2,105.65
2025-06-17,3,105.65
2025-06-17,4,105.65
2025-06-17,5,105.65
2025-06-17,6,105.65
2025-06-17,7,105.65
2025-06-17,8,105.65
2025-06-17,9,105.65
2025-06-17,10,105.65
2025-06-17,11,105.65
2025-06-17,12,105.65
2025-06-17,13,105.65
2025-06-17,14,105.65
2025-06-17,15,105.65
2025-06-17,16,105.65
2025-06-17,17,105.65
2025-06-17,18,105.65
2025-06-17,19,105.65
2025-06-17,20,105.65
2025-06-17,21,105.65
2025-06-17,22,105.65
2025-06-17,23,105.65
2025-06-17,24,105.65
2025-06-18,1,105.07
2025-06-18,2,105.07
2025-06-18,3,105.07
2025-06-18,4,105.07
2025-06-18,5,105.07
2025-06-18,6,105.07
2025-06-18,7,105.07
2025-06-18,8,105.07
2025-06-18,9,105.07
2025-06-18,10,105.07
2025-06-18,11,105.07
2025-06-18,12,105.07
2025-06-18,13,105.07
2025-06-18,14,105.07
2025-06-18,15,105.07
2025-06-18,16,105.07
2025-06-18,17,105.07
2025-06-18,18,105.07
2025-06-18,19,105.37
2025-06-18,20,111.07
2025-06-18,21,111.07
2025-06-18,22,105.07
2025-06-18,23,105.07
2025-06-18,24,105.07
2025-06-19,1,107.61
2025-06-19,2,107.61
2025-06-19,3,107.61
2025-06-19,4,107.61
2025-06-19,5,107.61
2025-06-19,6,107.61
2025-06-19,7,107.61
2025-06-19,8,107.61
2025-06-19,9,107.61
2025-06-19,10,107.61
2025-06-19,11,107.61
2025-06-19,12,107.61
2025-06-19,13,107.61
2025-06-19,14,107.61
2025-06-19,15,107.61
2025-06-19,16,107.61
2025-06-19,17,107.61
2025-06-19,18,107.61
2025-06-19,19,107.91
2025-06-19,20,113.61
2025-06-19,21,107.91
2025-06-19,22,107.61
2025-06-19,23,107.61
2025-06-19,24,107.61
2025-06-20,1,105.35
2025-06-20,2,105.35
2025-06-20,3,105.35
2025-06-20,4,105.35
2025-06-20,5,105.35
2025-06-20,6,105.35
2025-06-20,7,105.35
2025-06-20,8,105.35
2025-06-20,9,105.35
2025-06-20,10,105.35
2025-06-20,11,105.35
2025-06-20,12,105.35
2025-06-20,13,105.35
2025-06-20,14,105.35
2025-06-20,15,105.35
2025-06-20,16,105.35
2025-06-20,17,105.35
2025-06-20,18,105.65
2025-06-20,19,111.35
2025-06-20,20,111.35
2025-06-20,21,111.35
2025-06-20,22,105.65
2025-06-20,23,105.35
2025-06-20,24,105.35
2025-06-21,1,105.87
2025-06-21,2,105.87
2025-06-21,3,105.87
2025-06-21,4,105.87
2025-06-21,5,105.87
2025-06-21,6,105.87
2025-06-21,7,105.87
2025-06-21,8,105.87
2025-06-21,9,105.87
2025-06-21,10,105.87
2025-06-21,11,105.87
2025-06-21,12,105.87
2025-06-21,13,105.87
2025-06-21,14,105.87
2025-06-21,15,105.87
2025-06-21,16,105.87
2025-06-21,17,105.87
2025-06-21,18,105.87
2025-06-21,19,106.17
2025-06-21,20,106.17
2025-06-21,21,105.87
2025-06-21,22,105.87
2025-06-21,23,105.87
2025-06-21,24,105.87
2025-06-22,1,106.28
2025-06-22,2,106.28
2025-06-22,3,106.28
2025-06-22,4,106.28
2025-06-22,5,106.28
2025-06-22,6,106.28
2025-06-22,7,106.28
2025-06-22,8,106.28
2025-06-22,9,106.28
2025-06-22,10,106.28
2025-06-22,11,106.28
2025-06-22,12,106.28
2025-06-22,13,106.28
2025-06-22,14,106.28
2025-06-22,15,106.28
2025-06-22,16,106.28
2025-06-22,17,106.28
2025-06-22,18,106.28
2025-06-22,19,106.28
2025-06-22,20,106.28
2025-06-22,21,106.28
2025-06-22,22,106.28
2025-06-22,23,106.28
2025-06-22,24,106.28
2025-06-23,1,109.5
2025-06-23,2,109.5
2025-06-23,3,109.5
2025-06-23,4,109.5
2025-06-23,5,109.5
2025-06-23,6,109.5
2025-06-23,7,109.5
2025-06-23,8,109.5
2025-06-23,9,109.5
2025-06-23,10,109.5
2025-06-23,11,109.5
2025-06-23,12,109.5
2025-06-23,13,109.5
2025-06-23,14,109.5
2025-06-23,15,109.5
2025-06-23,16,109.5
2025-06-23,17,109.5
2025-06-23,18,109.5
2025-06-23,19,109.8
2025-06-23,20,114.5
2025-06-23,21,114.5
2025-06-23,22,109.8
2025-06-23,23,109.5
2025-06-23,24,109.5
2025-06-24,1,107.46
2025-06-24,2,107.46
2025-06-24,3,107.46
2025-06-24,4,107.46
2025-06-24,5,107.46
2025-06-24,6,107.46
2025-06-24,7,107.46
2025-06-24,8,107.46
2025-06-24,9,107.46
2025-06-24,10,107.46
2025-06-24,11,107.46
2025-06-24,12,107.46
2025-06-24,13,107.46
2025-06-24,14,107.46
2025-06-24,15,107.46
2025-06-24,16,107.96
2025-06-24,17,107.96
2025-06-24,18,107.96
2025-06-24,19,115.49
2025-06-24,20,386.46
2025-06-24,21,112.96
2025-06-24,22,107.96
2025-06-24,23,107.46
2025-06-24,24,107.46
2025-06-25,1,105.03
2025-06-25,2,105.03
2025-06-25,3,105.03
2025-06-25,4,105.03
2025-06-25,5,105.03
2025-06-25,6,105.03
2025-06-25,7,105.03
2025-06-25,8,105.03
2025-06-25,9,105.03
2025-06-25,10,105.03
2025-06-25,11,105.03
2025-06-25,12,105.03
2025-06-25,13,105.03
2025-06-25,14,105.03
2025-06-25,15,105.03
2025-06-25,16,112.27
2025-06-25,17,112.27
2025-06-25,18,112.27
2025-06-25,19,112.27
2025-06-25,20,822.88
2025-06-25,21,457.03
2025-06-25,22,112.27
2025-06-25,23,105.03
2025-06-25,24,105.03
2025-06-26,1,107.88
2025-06-26,2,107.88
2025-06-26,3,107.88
2025-06-26,4,107.88
2025-06-26,5,107.88
2025-06-26,6,107.88
2025-06-26,7,107.88
2025-06-26,8,107.88
2025-06-26,9,107.88
2025-06-26,10,107.88
2025-06-26,11,107.88
2025-06-26,12,107.88
2025-06-26,13,107.88
2025-06-26,14,107.88
2025-06-26,15,114.51
2025-06-26,16,115.12
2025-06-26,17,115.12
2025-06-26,18,115.12
2025-06-26,19,115.9
2025-06-26,20,825.73
2025-06-26,21,459.88
2025-06-26,22,115.12
2025-06-26,23,114.51
2025-06-26,24,107.88
2025-06-27,1,109.63
2025-06-27,2,109.63
2025-06-27,3,109.63
2025-06-27,4,109.63
2025-06-27,5,109.63
2025-06-27,6,109.63
2025-06-27,7,109.63
2025-06-27,8,109.63
2025-06-27,9,109.63
2025-06-27,10,109.63
2025-06-27,11,109.63
2025-06-27,12,109.63
2025-06-27,13,109.63
2025-06-27,14,109.63
2025-06-27,15,116.27
2025-06-27,16,116.27
2025-06-27,17,116.87
2025-06-27,18,116.87
2025-06-27,19,116.87
2025-06-27,20,466.63
2025-06-27,21,117.58
2025-06-27,22,116.27
2025-06-27,23,116.27
2025-06-27,24,109.63
2025-06-28,1,105.9
2025-06-28,2,105.9
2025-06-28,3,105.9
2025-06-28,4,105.9
2025-06-28,5,105.9
2025-06-28,6,105.9
2025-06-28,7,105.9
2025-06-28,8,105.9
2025-06-28,9,105.9
2025-06-28,10,105.9
2025-06-28,11,105.9
2025-06-28,12,105.9
2025-06-28,13,105.9
2025-06-28,14,105.9
2025-06-28,15,105.9
2025-06-28,16,105.9
2025-06-28,17,105.9
2025-06-28,18,105.9
2025-06-28,19,112.54
2025-06-28,20,112.54
2025-06-28,21,112.54
2025-06-28,22,105.9
2025-06-28,23,105.9
2025-06-28,24,105.9
2025-06-29,1,104.16
2025-06-29,2,104.16
2025-06-29,3,104.16
2025-06-29,4,104.16
2025-06-29,5,104.16
2025-06-29,6,104.16
2025-06-29,7,104.16
2025-06-29,8,104.16
2025-06-29,9,104.16
2025-06-29,10,104.16
2025-06-29,11,104.16
2025-06-29,12,104.16
2025-06-29,13,104.16
2025-06-29,14,104.16
2025-06-29,15,104.16
2025-06-29,16,104.16
2025-06-29,17,104.16
2025-06-29,18,104.16
2025-06-29,19,104.16
2025-06-29,20,104.86
2025-06-29,21,104.86
2025-06-29,22,104.16
2025-06-29,23,104.16
2025-06-29,24,104.16
2025-06-30,1,105.99
2025-06-30,2,105.99
2025-06-30,3,105.99
2025-06-30,4,105.99
2025-06-30,5,105.99
2025-06-30,6,105.99
2025-06-30,7,105.99
2025-06-30,8,105.99
2025-06-30,9,105.99
2025-06-30,10,105.99
2025-06-30,11,105.99
2025-06-30,12,105.99
2025-06-30,13,105.99
2025-06-30,14,105.99
2025-06-30,15,105.99
2025-06-30,16,105.99
2025-06-30,17,105.99
2025-06-30,18,105.99
2025-06-30,19,112.62
2025-06-30,20,112.99
2025-06-30,21,112.99
2025-06-30,22,106.69
2025-06-30,23,105.99
2025-06-30,24,105.99
2025-07-01,1,104.51
2025-07-01,2,104.51
2025-07-01,3,104.51
2025-07-01,4,104.51
2025-07-01,5,104.51
2025-07-01,6,104.51
2025-07-01,7,104.51
2025-07-01,8,104.51
2025-07-01,9,104.51
2025-07-01,10,104.51
2025-07-01,11,104.51
2025-07-01,12,104.51
2025-07-01,13,104.51
2025-07-01,14,104.51
2025-07-01,15,104.51
2025-07-01,16,106.03
2025-07-01,17,106.03
2025-07-01,18,106.03
2025-07-01,19,111.51
2025-07-01,20,113.03
2025-07-01,21,111.51
2025-07-01,22,111.51
2025-07-01,23,106.03
2025-07-01,24,104.51
2025-07-02,1,108.23
2025-07-02,2,108.23
2025-07-02,3,108.23
2025-07-02,4,108.23
2025-07-02,5,108.23
2025-07-02,6,108.23
2025-07-02,7,108.23
2025-07-02,8,108.23
2025-07-02,9,108.23
2025-07-02,10,108.23
2025-07-02,11,108.23
2025-07-02,12,109.36
2025-07-02,13,109.36
2025-07-02,14,109.36
2025-07-02,15,114.87
2025-07-02,16,115.23
2025-07-02,17,115.23
2025-07-02,18,115.23
2025-07-02,19,115.23
2025-07-02,20,461.76
2025-07-02,21,191.76
2025-07-02,22,115.23
2025-07-02,23,114.87
2025-07-02,24,109.36
2025-07-03,1,109.02
2025-07-03,2,109.02
2025-07-03,3,109.02
2025-07-03,4,109.02
2025-07-03,5,109.02
2025-07-03,6,109.02
2025-07-03,7,109.02
2025-07-03,8,109.02
2025-07-03,9,109.02
2025-07-03,10,109.02
2025-07-03,11,109.02
2025-07-03,12,109.02
2025-07-03,13,109.02
2025-07-03,14,110.15
2025-07-03,15,116.02
2025-07-03,16,116.02
2025-07-03,17,116.05
2025-07-03,18,116.02
2025-07-03,19,117.55
2025-07-03,20,192.55
2025-07-03,21,117.55
2025-07-03,22,117.55
2025-07-03,23,116.02
2025-07-03,24,109.02
2025-07-04,1,107.21
2025-07-04,2,107.21
2025-07-04,3,107.21
2025-07-04,4,107.21
2025-07-04,5,107.21
2025-07-04,6,107.21
2025-07-04,7,107.54
2025-07-04,8,107.54
2025-07-04,9,113.85
2025-07-04,10,113.85
2025-07-04,11,113.85
2025-07-04,12,113.85
2025-07-04,13,113.85
2025-07-04,14,113.85
2025-07-04,15,113.85
2025-07-04,16,113.85
2025-07-04,17,113.85
2025-07-04,18,113.85
2025-07-04,19,114.21
2025-07-04,20,190.74
2025-07-04,21,114.21
2025-07-04,22,113.85
2025-07-04,23,113.85
2025-07-04,24,107.54
2025-07-05,1,105.76
2025-07-05,2,105.76
2025-07-05,3,105.76
2025-07-05,4,105.76
2025-07-05,5,105.76
2025-07-05,6,105.76
2025-07-05,7,105.76
2025-07-05,8,105.76
2025-07-05,9,105.76
2025-07-05,10,105.76
2025-07-05,11,105.76
2025-07-05,12,105.76
2025-07-05,13,105.76
2025-07-05,14,105.76
2025-07-05,15,105.76
2025-07-05,16,106.09
2025-07-05,17,112.4
2025-07-05,18,112.4
2025-07-05,19,112.76
2025-07-05,20,149.29
2025-07-05,21,112.76
2025-07-05,22,112.76
2025-07-05,23,112.4
2025-07-05,24,106.09
2025-07-06,1,108.9
2025-07-06,2,108.9
2025-07-06,3,108.9
2025-07-06,4,108.9
2025-07-06,5,108.9
2025-07-06,6,108.9
2025-07-06,7,108.9
2025-07-06,8,108.9
2025-07-06,9,108.9
2025-07-06,10,108.9
2025-07-06,11,108.9
2025-07-06,12,108.9
2025-07-06,13,108.9
2025-07-06,14,108.9
2025-07-06,15,108.9
2025-07-06,16,108.9
2025-07-06,17,108.9
2025-07-06,18,108.9
2025-07-06,19,108.9
2025-07-06,20,108.9
2025-07-06,21,108.9
2025-07-06,22,108.9
2025-07-06,23,108.9
2025-07-06,24,108.9
2025-07-07,1,105.64
2025-07-07,2,105.64
2025-07-07,3,105.64
2025-07-07,4,105.64
2025-07-07,5,105.64
2025-07-07,6,105.64
2025-07-07,7,105.64
2025-07-07,8,105.64
2025-07-07,9,105.65
2025-07-07,10,105.65
2025-07-07,11,105.65
2025-07-07,12,112.28
2025-07-07,13,112.67
2025-07-07,14,112.28
2025-07-07,15,113.14
2025-07-07,16,149.17
2025-07-07,17,149.17
2025-07-07,18,149.17
2025-07-07,19,149.17
2025-07-07,20,439.17
2025-07-07,21,149.17
2025-07-07,22,149.17
2025-07-07,23,113.14
2025-07-07,24,112.28
2025-07-08,1,108.1
2025-07-08,2,108.1
2025-07-08,3,108.1
2025-07-08,4,108.1
2025-07-08,5,108.1
2025-07-08,6,108.1
2025-07-08,7,108.1
2025-07-08,8,108.1
2025-07-08,9,108.1
2025-07-08,10,108.1
2025-07-08,11,108.1
2025-07-08,12,108.1
2025-07-08,13,108.1
2025-07-08,14,114.73
2025-07-08,15,115.59
2025-07-08,16,151.62
2025-07-08,17,151.62
2025-07-08,18,151.62
2025-07-08,19,191.62
2025-07-08,20,833.58
2025-07-08,21,151.62
2025-07-08,22,151.62
2025-07-08,23,115.59
2025-07-08,24,108.1
2025-07-09,1,112.19
2025-07-09,2,112.19
2025-07-09,3,112.19
2025-07-09,4,112.19
2025-07-09,5,112.19
2025-07-09,6,112.19
2025-07-09,7,112.19
2025-07-09,8,112.19
2025-07-09,9,119.62
2025-07-09,10,118.83
2025-07-09,11,118.83
2025-07-09,12,119.68
2025-07-09,13,119.68
2025-07-09,14,119.68
2025-07-09,15,195.72
2025-07-09,16,225.72
2025-07-09,17,225.72
2025-07-09,18,225.72
2025-07-09,19,302.72
2025-07-09,20,837.68
2025-07-09,21,225.72
2025-07-09,22,195.72
2025-07-09,23,195.72
2025-07-09,24,119.68
2025-07-10,1,115.25
2025-07-10,2,115.25
2025-07-10,3,115.25
2025-07-10,4,115.25
2025-07-10,5,115.25
2025-07-10,6,115.36
2025-07-10,7,156.28
2025-07-10,8,156.28
2025-07-10,9,156.28
2025-07-10,10,156.28
2025-07-10,11,156.28
2025-07-10,12,159.28
2025-07-10,13,159.28
2025-07-10,14,211.28
2025-07-10,15,216.28
2025-07-10,16,216.28
2025-07-10,17,216.28
2025-07-10,18,216.28
2025-07-10,19,216.28
2025-07-10,20,221.28
2025-07-10,21,221.28
2025-07-10,22,216.28
2025-07-10,23,159.28
2025-07-10,24,156.28
2025-07-11,1,112.01
2025-07-11,2,105.37
2025-07-11,3,105.37
2025-07-11,4,105.37
2025-07-11,5,112.01
2025-07-11,6,112.87
2025-07-11,7,112.87
2025-07-11,8,112.87
2025-07-11,9,112.87
2025-07-11,10,112.87
2025-07-11,11,112.87
2025-07-11,12,112.87
2025-07-11,13,112.87
2025-07-11,14,146.9
2025-07-11,15,146.9
2025-07-11,16,146.9
2025-07-11,17,189.9
2025-07-11,18,189.9
2025-07-11,19,198.9
2025-07-11,20,198.9
2025-07-11,21,198.9
2025-07-11,22,198.9
2025-07-11,23,189.9
2025-07-11,24,146.9
2025-07-12,1,113.53
2025-07-12,2,113.53
2025-07-12,3,113.53
2025-07-12,4,113.53
2025-07-12,5,113.53
2025-07-12,6,113.53
2025-07-12,7,113.53
2025-07-12,8,113.57
2025-07-12,9,113.57
2025-07-12,10,113.57
2025-07-12,11,113.57
2025-07-12,12,113.57
2025-07-12,13,113.57
2025-07-12,14,113.57
2025-07-12,15,113.57
2025-07-12,16,114.29
2025-07-12,17,144.57
2025-07-12,18,144.57
2025-07-12,19,144.57
2025-07-12,20,144.57
2025-07-12,21,144.57
2025-07-12,22,144.57
2025-07-12,23,153.57
2025-07-12,24,113.57
2025-07-13,1,116.72
2025-07-13,2,116.72
2025-07-13,3,115.61
2025-07-13,4,110.08
2025-07-13,5,115.61
2025-07-13,6,110.08
2025-07-13,7,110.08
2025-07-13,8,110.08
2025-07-13,9,110.08
2025-07-13,10,110.08
2025-07-13,11,110.08
2025-07-13,12,110.08
2025-07-13,13,115.61
2025-07-13,14,116.72
2025-07-13,15,116.72
2025-07-13,16,116.72
2025-07-13,17,116.72
2025-07-13,18,117.58
2025-07-13,19,142.61
2025-07-13,20,148.61
2025-07-13,21,148.61
2025-07-13,22,142.61
2025-07-13,23,117.61
2025-07-13,24,117.58
2025-07-14,1,105.81
2025-07-14,2,105.81
2025-07-14,3,105.81
2025-07-14,4,105.81
2025-07-14,5,105.81
2025-07-14,6,105.81
2025-07-14,7,105.82
2025-07-14,8,105.82
2025-07-14,9,105.82
2025-07-14,10,111.34
2025-07-14,11,111.34
2025-07-14,12,112.45
2025-07-14,13,112.45
2025-07-14,14,112.45
2025-07-14,15,113.31
2025-07-14,16,113.34
2025-07-14,17,113.34
2025-07-14,18,113.34
2025-07-14,19,113.34
2025-07-14,20,113.52
2025-07-14,21,113.34
2025-07-14,22,113.34
2025-07-14,23,113.31
2025-07-14,24,112.45
2025-07-15,1,106.92
2025-07-15,2,106.92
2025-07-15,3,106.92
2025-07-15,4,106.92
2025-07-15,5,106.92
2025-07-15,6,106.92
2025-07-15,7,106.92
2025-07-15,8,106.92
2025-07-15,9,106.92
2025-07-15,10,106.92
2025-07-15,11,106.92
2025-07-15,12,113.56
2025-07-15,13,113.56
2025-07-15,14,114.42
2025-07-15,15,114.42
2025-07-15,16,130.45
2025-07-15,17,130.45
2025-07-15,18,130.45
2025-07-15,19,192.45
2025-07-15,20,360.45
2025-07-15,21,192.45
2025-07-15,22,130.45
2025-07-15,23,130.45
2025-07-15,24,114.44
2025-07-16,1,108.58
2025-07-16,2,108.58
2025-07-16,3,106.06
2025-07-16,4,106.05
2025-07-16,5,109.08
2025-07-16,6,113.55
2025-07-16,7,113.55
2025-07-16,8,112.69
2025-07-16,9,112.69
2025-07-16,10,113.55
2025-07-16,11,113.55
2025-07-16,12,113.58
2025-07-16,13,113.55
2025-07-16,14,113.58
2025-07-16,15,129.58
2025-07-16,16,129.58
2025-07-16,17,129.58
2025-07-16,18,129.58
2025-07-16,19,191.58
2025-07-16,20,359.58
2025-07-16,21,129.58
2025-07-16,22,129.58
2025-07-16,23,129.58
2025-07-16,24,113.55
2025-07-17,1,105.04
2025-07-17,2,105.04
2025-07-17,3,105.04
2025-07-17,4,105.04
2025-07-17,5,105.04
2025-07-17,6,105.04
2025-07-17,7,105.04
2025-07-17,8,105.04
2025-07-17,9,108.07
2025-07-17,10,110.87
2025-07-17,11,110.87
2025-07-17,12,111.57
2025-07-17,13,110.87
2025-07-17,14,110.87
2025-07-17,15,111.57
2025-07-17,16,112.53
2025-07-17,17,112.57
2025-07-17,18,112.53
2025-07-17,19,112.57
2025-07-17,20,308.57
2025-07-17,21,190.57
2025-07-17,22,112.57
2025-07-17,23,112.53
2025-07-17,24,111.57
2025-07-18,1,105.1
2025-07-18,2,105.1
2025-07-18,3,105.1
2025-07-18,4,105.1
2025-07-18,5,105.1
2025-07-18,6,108.13
2025-07-18,7,108.13
2025-07-18,8,105.1
2025-07-18,9,105.1
2025-07-18,10,105.1
2025-07-18,11,110.63
2025-07-18,12,110.63
2025-07-18,13,110.63
2025-07-18,14,110.63
2025-07-18,15,111.74
2025-07-18,16,111.74
2025-07-18,17,112.59
2025-07-18,18,112.59
2025-07-18,19,190.63
2025-07-18,20,830.59
2025-07-18,21,112.73
2025-07-18,22,112.59
2025-07-18,23,111.74
2025-07-18,24,111.74
2025-07-19,1,104.4
2025-07-19,2,104.4
2025-07-19,3,104.4
2025-07-19,4,104.4
2025-07-19,5,104.4
2025-07-19,6,104.4
2025-07-19,7,104.4
2025-07-19,8,104.4
2025-07-19,9,104.4
2025-07-19,10,104.4
2025-07-19,11,104.4
2025-07-19,12,110.23
2025-07-19,13,104.4
2025-07-19,14,110.23
2025-07-19,15,111.9
2025-07-19,16,111.9
2025-07-19,17,112.93
2025-07-19,18,117.93
2025-07-19,19,126.93
2025-07-19,20,126.93
2025-07-19,21,117.93
2025-07-19,22,117.93
2025-07-19,23,111.9
2025-07-19,24,110.83
2025-07-20,1,110.38
2025-07-20,2,110.38
2025-07-20,3,110.38
2025-07-20,4,105.35
2025-07-20,5,105.35
2025-07-20,6,105.35
2025-07-20,7,105.35
2025-07-20,8,105.35
2025-07-20,9,105.35
2025-07-20,10,105.35
2025-07-20,11,105.35
2025-07-20,12,105.35
2025-07-20,13,105.35
2025-07-20,14,105.35
2025-07-20,15,110.38
2025-07-20,16,110.85
2025-07-20,17,110.85
2025-07-20,18,118.38
2025-07-20,19,118.38
2025-07-20,20,118.88
2025-07-20,21,118.88
2025-07-20,22,118.38
2025-07-20,23,118.38
2025-07-20,24,118.38
2025-07-21,1,104.88
2025-07-21,2,104.88
2025-07-21,3,104.88
2025-07-21,4,104.88
2025-07-21,5,104.88
2025-07-21,6,109.89
2025-07-21,7,109.89
2025-07-21,8,109.89
2025-07-21,9,109.91
2025-07-21,10,109.91
2025-07-21,11,110.38
2025-07-21,12,110.38
2025-07-21,13,110.38
2025-07-21,14,111.36
2025-07-21,15,118.41
2025-07-21,16,118.41
2025-07-21,17,118.41
2025-07-21,18,123.41
2025-07-21,19,190.41
2025-07-21,20,298.41
2025-07-21,21,242.71
2025-07-21,22,123.41
2025-07-21,23,113.91
2025-07-21,24,111.36
2025-07-22,1,113.06
2025-07-22,2,113.06
2025-07-22,3,113.06
2025-07-22,4,113.06
2025-07-22,5,113.06
2025-07-22,6,120.11
2025-07-22,7,120.11
2025-07-22,8,120.11
2025-07-22,9,121.11
2025-07-22,10,121.11
2025-07-22,11,121.11
2025-07-22,12,121.11
2025-07-22,13,121.11
2025-07-22,14,129.11
2025-07-22,15,129.11
2025-07-22,16,129.11
2025-07-22,17,129.11
2025-07-22,18,129.11
2025-07-22,19,192.11
2025-07-22,20,825.97
2025-07-22,21,300.11
2025-07-22,22,129.11
2025-07-22,23,129.11
2025-07-22,24,121.11
2025-07-23,1,113.65
2025-07-23,2,113.65
2025-07-23,3,113.65
2025-07-23,4,113.65
2025-07-23,5,113.65
2025-07-23,6,119.69
2025-07-23,7,120.69
2025-07-23,8,120.69
2025-07-23,9,120.69
2025-07-23,10,120.69
2025-07-23,11,120.69
2025-07-23,12,120.69
2025-07-23,13,120.69
2025-07-23,14,120.69
2025-07-23,15,121.69
2025-07-23,16,151.69
2025-07-23,17,193.69
2025-07-23,18,151.69
2025-07-23,19,193.69
2025-07-23,20,1047.9
2025-07-23,21,151.69
2025-07-23,22,121.69
2025-07-23,23,120.69
2025-07-23,24,120.69
2025-07-24,1,111.95
2025-07-24,2,111.95
2025-07-24,3,111.95
2025-07-24,4,111.95
2025-07-24,5,112.27
2025-07-24,6,112.43
2025-07-24,7,112.43
2025-07-24,8,112.43
2025-07-24,9,112.43
2025-07-24,10,112.43
2025-07-24,11,112.43
2025-07-24,12,117.47
2025-07-24,13,117.47
2025-07-24,14,120.47
2025-07-24,15,121.47
2025-07-24,16,192.47
2025-07-24,17,192.47
2025-07-24,18,150.47
2025-07-24,19,192.47
2025-07-24,20,826.32
2025-07-24,21,295.47
2025-07-24,22,192.47
2025-07-24,23,121.47
2025-07-24,24,120.47
2025-07-25,1,113.62
2025-07-25,2,113.51
2025-07-25,3,113.51
2025-07-25,4,113.14
2025-07-25,5,113.51
2025-07-25,6,113.62
2025-07-25,7,113.62
2025-07-25,8,113.62
2025-07-25,9,113.62
2025-07-25,10,113.62
2025-07-25,11,115.49
2025-07-25,12,120.66
2025-07-25,13,120.66
2025-07-25,14,121.66
2025-07-25,15,121.66
2025-07-25,16,122.66
2025-07-25,17,122.66
2025-07-25,18,122.66
2025-07-25,19,193.66
2025-07-25,20,296.66
2025-07-25,21,151.66
2025-07-25,22,122.66
2025-07-25,23,121.66
2025-07-25,24,120.66
2025-07-26,1,119.26
2025-07-26,2,119.26
2025-07-26,3,119.26
2025-07-26,4,118.89
2025-07-26,5,113.88
2025-07-26,6,113.88
2025-07-26,7,113.88
2025-07-26,8,118.89
2025-07-26,9,119.26
2025-07-26,10,119.26
2025-07-26,11,119.37
2025-07-26,12,119.37
2025-07-26,13,119.37
2025-07-26,14,119.37
2025-07-26,15,119.37
2025-07-26,16,120.52
2025-07-26,17,128.41
2025-07-26,18,128.41
2025-07-26,19,129.41
2025-07-26,20,157.41
2025-07-26,21,129.41
2025-07-26,22,128.41
2025-07-26,23,121.61
2025-07-26,24,120.52
2025-07-27,1,108.69
2025-07-27,2,108.69
2025-07-27,3,108.69
2025-07-27,4,108.69
2025-07-27,5,103.68
2025-07-27,6,103.68
2025-07-27,7,103.68
2025-07-27,8,103.68
2025-07-27,9,103.68
2025-07-27,10,103.68
2025-07-27,11,103.68
2025-07-27,12,103.68
2025-07-27,13,103.68
2025-07-27,14,103.68
2025-07-27,15,103.68
2025-07-27,16,108.69
2025-07-27,17,109.18
2025-07-27,18,112.34
2025-07-27,19,116.71
2025-07-27,20,118.21
2025-07-27,21,118.21
2025-07-27,22,116.71
2025-07-27,23,116.71
2025-07-27,24,116.71
2025-07-28,1,113.53
2025-07-28,2,108.53
2025-07-28,3,108.53
2025-07-28,4,108.53
2025-07-28,5,108.53
2025-07-28,6,113.9
2025-07-28,7,113.9
2025-07-28,8,113.9
2025-07-28,9,114.02
2025-07-28,10,114.02
2025-07-28,11,114.02
2025-07-28,12,114.02
2025-07-28,13,114.02
2025-07-28,14,116.18
2025-07-28,15,121.55
2025-07-28,16,121.55
2025-07-28,17,122.05
2025-07-28,18,122.05
2025-07-28,19,194.05
2025-07-28,20,827.91
2025-07-28,21,122.05
2025-07-28,22,122.05
2025-07-28,23,121.55
2025-07-28,24,121.55
2025-07-29,1,106.25
2025-07-29,2,106.25
2025-07-29,3,106.25
2025-07-29,4,106.25
2025-07-29,5,106.25
2025-07-29,6,106.25
2025-07-29,7,106.25
2025-07-29,8,111.26
2025-07-29,9,111.28
2025-07-29,10,111.28
2025-07-29,11,111.28
2025-07-29,12,111.28
2025-07-29,13,111.28
2025-07-29,14,111.28
2025-07-29,15,113.91
2025-07-29,16,191.78
2025-07-29,17,191.78
2025-07-29,18,133.78
2025-07-29,19,191.78
2025-07-29,20,294.78
2025-07-29,21,191.78
2025-07-29,22,116.78
2025-07-29,23,111.28
2025-07-29,24,111.26
2025-07-30,1,109.81
2025-07-30,2,109.81
2025-07-30,3,109.81
2025-07-30,4,109.81
2025-07-30,5,109.81
2025-07-30,6,109.81
2025-07-30,7,109.81
2025-07-30,8,109.81
2025-07-30,9,109.81
2025-07-30,10,109.81
2025-07-30,11,109.81
2025-07-30,12,109.81
2025-07-30,13,109.81
2025-07-30,14,114.82
2025-07-30,15,117.42
2025-07-30,16,132.34
2025-07-30,17,195.34
2025-07-30,18,132.34
2025-07-30,19,195.34
2025-07-30,20,829.19
2025-07-30,21,829.19
2025-07-30,22,132.34
2025-07-30,23,114.84
2025-07-30,24,114.82
2025-07-31,1,104.82
2025-07-31,2,104.82
2025-07-31,3,104.82
2025-07-31,4,104.82
2025-07-31,5,104.82
2025-07-31,6,104.82
2025-07-31,7,104.82
2025-07-31,8,104.82
2025-07-31,9,104.82
2025-07-31,10,104.82
2025-07-31,11,104.82
2025-07-31,12,104.82
2025-07-31,13,104.82
2025-07-31,14,109.83
2025-07-31,15,117.34
2025-07-31,16,158.34
2025-07-31,17,190.34
2025-07-31,18,158.34
2025-07-31,19,190.34
2025-07-31,20,824.2
2025-07-31,21,824.2
2025-07-31,22,158.34
2025-07-31,23,117.34
2025-07-31,24,109.85
2025-08-01,1,106.18
2025-08-01,2,106.18
2025-08-01,3,106.18
2025-08-01,4,106.18
2025-08-01,5,106.18
2025-08-01,6,109.75
2025-08-01,7,109.75
2025-08-01,8,106.18
2025-08-01,9,106.18
2025-08-01,10,106.18
2025-08-01,11,106.18
2025-08-01,12,111.23
2025-08-01,13,111.23
2025-08-01,14,111.25
2025-08-01,15,128.75
2025-08-01,16,128.75
2025-08-01,17,149.75
2025-08-01,18,159.75
2025-08-01,19,191.75
2025-08-01,20,862.87
2025-08-01,21,862.87
2025-08-01,22,159.75
2025-08-01,23,128.75
2025-08-01,24,111.25
2025-08-02,1,102.43
2025-08-02,2,107.48
2025-08-02,3,107.48
2025-08-02,4,106.0
2025-08-02,5,106.0
2025-08-02,6,106.0
2025-08-02,7,102.43
2025-08-02,8,102.43
2025-08-02,9,106.0
2025-08-02,10,107.48
2025-08-02,11,107.5
2025-08-02,12,107.5
2025-08-02,13,107.5
2025-08-02,14,107.5
2025-08-02,15,131.0
2025-08-02,16,131.0
2025-08-02,17,156.0
2025-08-02,18,156.0
2025-08-02,19,188.0
2025-08-02,20,291.0
2025-08-02,21,156.0
2025-08-02,22,156.0
2025-08-02,23,146.0
2025-08-02,24,131.0
2025-08-03,1,107.41
2025-08-03,2,107.41
2025-08-03,3,102.36
2025-08-03,4,102.36
2025-08-03,5,102.36
2025-08-03,6,102.36
2025-08-03,7,102.36
2025-08-03,8,102.36
2025-08-03,9,102.36
2025-08-03,10,102.36
2025-08-03,11,102.36
2025-08-03,12,102.36
2025-08-03,13,102.36
2025-08-03,14,102.36
2025-08-03,15,102.36
2025-08-03,16,105.93
2025-08-03,17,107.41
2025-08-03,18,107.43
2025-08-03,19,155.93
2025-08-03,20,130.93
2025-08-03,21,130.93
2025-08-03,22,155.93
2025-08-03,23,155.93
2025-08-03,24,107.43
2025-08-04,1,105.05
2025-08-04,2,105.05
2025-08-04,3,105.05
2025-08-04,4,105.05
2025-08-04,5,105.05
2025-08-04,6,105.05
2025-08-04,7,105.05
2025-08-04,8,105.05
2025-08-04,9,105.05
2025-08-04,10,105.05
2025-08-04,11,110.12
2025-08-04,12,110.12
2025-08-04,13,110.12
2025-08-04,14,110.12
2025-08-04,15,117.62
2025-08-04,16,117.62
2025-08-04,17,117.62
2025-08-04,18,168.62
2025-08-04,19,293.62
2025-08-04,20,861.74
2025-08-04,21,295.62
2025-08-04,22,117.62
2025-08-04,23,112.74
2025-08-04,24,110.12
2025-08-05,1,104.61
2025-08-05,2,104.61
2025-08-05,3,104.61
2025-08-05,4,104.61
2025-08-05,5,104.61
2025-08-05,6,109.66
2025-08-05,7,107.18
2025-08-05,8,107.18
2025-08-05,9,107.18
2025-08-05,10,107.18
2025-08-05,11,109.66
2025-08-05,12,109.68
2025-08-05,13,109.68
2025-08-05,14,158.18
2025-08-05,15,293.18
2025-08-05,16,293.18
2025-08-05,17,293.18
2025-08-05,18,235.38
2025-08-05,19,293.18
2025-08-05,20,861.3
2025-08-05,21,861.3
2025-08-05,22,178.18
2025-08-05,23,109.68
2025-08-05,24,109.66
2025-08-06,1,101.86
2025-08-06,2,101.86
2025-08-06,3,101.86
2025-08-06,4,101.86
2025-08-06,5,101.86
2025-08-06,6,104.43
2025-08-06,7,104.43
2025-08-06,8,104.43
2025-08-06,9,104.43
2025-08-06,10,104.43
2025-08-06,11,104.43
2025-08-06,12,106.91
2025-08-06,13,104.43
2025-08-06,14,106.91
2025-08-06,15,187.43
2025-08-06,16,278.04
2025-08-06,17,290.43
2025-08-06,18,187.43
2025-08-06,19,292.43
2025-08-06,20,951.09
2025-08-06,21,858.55
2025-08-06,22,106.91
2025-08-06,23,101.87
2025-08-06,24,101.86
2025-08-07,1,110.45
2025-08-07,2,110.45
2025-08-07,3,110.45
2025-08-07,4,110.45
2025-08-07,5,110.45
2025-08-07,6,108.95
2025-08-07,7,107.95
2025-08-07,8,105.38
2025-08-07,9,107.95
2025-08-07,10,107.95
2025-08-07,11,110.45
2025-08-07,12,110.45
2025-08-07,13,110.45
2025-08-07,14,110.45
2025-08-07,15,110.45
2025-08-07,16,112.51
2025-08-07,17,112.51
2025-08-07,18,112.51
2025-08-07,19,190.95
2025-08-07,20,862.07
2025-08-07,21,293.95
2025-08-07,22,158.95
2025-08-07,23,112.51
2025-08-07,24,112.51
2025-08-08,1,102.06
2025-08-08,2,102.06
2025-08-08,3,102.06
2025-08-08,4,102.06
2025-08-08,5,102.06
2025-08-08,6,105.63
2025-08-08,7,104.63
2025-08-08,8,104.63
2025-08-08,9,104.63
2025-08-08,10,102.06
2025-08-08,11,104.63
2025-08-08,12,107.11
2025-08-08,13,104.63
2025-08-08,14,107.13
2025-08-08,15,187.63
2025-08-08,16,187.63
2025-08-08,17,187.63
2025-08-08,18,109.33
2025-08-08,19,292.63
2025-08-08,20,858.75
2025-08-08,21,292.63
2025-08-08,22,215.63
2025-08-08,23,107.13
2025-08-08,24,104.63
2025-08-09,1,106.83
2025-08-09,2,106.83
2025-08-09,3,106.83
2025-08-09,4,101.78
2025-08-09,5,101.78
2025-08-09,6,101.78
2025-08-09,7,101.78
2025-08-09,8,106.83
2025-08-09,9,106.85
2025-08-09,10,106.83
2025-08-09,11,106.85
2025-08-09,12,106.85
2025-08-09,13,106.85
2025-08-09,14,106.85
2025-08-09,15,106.85
2025-08-09,16,108.89
2025-08-09,17,108.91
2025-08-09,18,108.91
2025-08-09,19,108.91
2025-08-09,20,290.35
2025-08-09,21,108.91
2025-08-09,22,108.91
2025-08-09,23,108.91
2025-08-09,24,106.85
2025-08-10,1,108.66
2025-08-10,2,108.66
2025-08-10,3,108.66
2025-08-10,4,108.66
2025-08-10,5,108.66
2025-08-10,6,108.66
2025-08-10,7,108.66
2025-08-10,8,108.64
2025-08-10,9,103.6
2025-08-10,10,103.59
2025-08-10,11,108.64
2025-08-10,12,108.66
2025-08-10,13,109.16
2025-08-10,14,110.73
2025-08-10,15,110.73
2025-08-10,16,110.73
2025-08-10,17,110.73
2025-08-10,18,112.63
2025-08-10,19,167.16
2025-08-10,20,167.16
2025-08-10,21,167.16
2025-08-10,22,167.16
2025-08-10,23,167.16
2025-08-10,24,110.73
2025-08-11,1,106.65
2025-08-11,2,106.65
2025-08-11,3,106.65
2025-08-11,4,106.65
2025-08-11,5,108.15
2025-08-11,6,108.15
2025-08-11,7,108.15
2025-08-11,8,108.15
2025-08-11,9,108.15
2025-08-11,10,108.15
2025-08-11,11,108.15
2025-08-11,12,108.71
2025-08-11,13,108.15
2025-08-11,14,108.71
2025-08-11,15,108.71
2025-08-11,16,187.15
2025-08-11,17,187.15
2025-08-11,18,187.15
2025-08-11,19,290.15
2025-08-11,20,914.35
2025-08-11,21,292.15
2025-08-11,22,290.15
2025-08-11,23,130.15
2025-08-11,24,108.71
2025-08-12,1,104.55
2025-08-12,2,104.55
2025-08-12,3,104.55
2025-08-12,4,104.55
2025-08-12,5,109.6
2025-08-12,6,109.62
2025-08-12,7,190.12
2025-08-12,8,133.12
2025-08-12,9,111.68
2025-08-12,10,110.12
2025-08-12,11,133.12
2025-08-12,12,138.12
2025-08-12,13,133.12
2025-08-12,14,138.12
2025-08-12,15,138.12
2025-08-12,16,138.12
2025-08-12,17,190.12
2025-08-12,18,190.12
2025-08-12,19,293.12
2025-08-12,20,861.24
2025-08-12,21,735.95
2025-08-12,22,295.12
2025-08-12,23,138.12
2025-08-12,24,133.12
2025-08-13,1,110.09
2025-08-13,2,110.09
2025-08-13,3,105.05
2025-08-13,4,109.61
2025-08-13,5,110.11
2025-08-13,6,143.61
2025-08-13,7,143.61
2025-08-13,8,158.61
2025-08-13,9,112.18
2025-08-13,10,112.18
2025-08-13,11,143.61
2025-08-13,12,158.61
2025-08-13,13,143.61
2025-08-13,14,190.61
2025-08-13,15,190.61
2025-08-13,16,295.61
2025-08-13,17,281.05
2025-08-13,18,158.61
2025-08-13,19,407.61
2025-08-13,20,861.74
2025-08-13,21,861.74
2025-08-13,22,158.61
2025-08-13,23,143.61
2025-08-13,24,110.11
2025-08-14,1,164.26
2025-08-14,2,164.26
2025-08-14,3,113.26
2025-08-14,4,164.26
2025-08-14,5,164.26
2025-08-14,6,219.26
2025-08-14,7,219.26
2025-08-14,8,219.26
2025-08-14,9,219.26
2025-08-14,10,219.26
2025-08-14,11,219.26
2025-08-14,12,219.26
2025-08-14,13,219.26
2025-08-14,14,219.26
2025-08-14,15,219.26
2025-08-14,16,219.26
2025-08-14,17,219.26
2025-08-14,18,219.26
2025-08-14,19,459.26
2025-08-14,20,2224.01
2025-08-14,21,219.26
2025-08-14,22,730.92
2025-08-14,23,459.26
2025-08-14,24,164.26
2025-08-15,1,165.88
2025-08-15,2,165.88
2025-08-15,3,165.88
2025-08-15,4,165.88
2025-08-15,5,165.88
2025-08-15,6,216.88
2025-08-15,7,165.88
2025-08-15,8,165.88
2025-08-15,9,165.88
2025-08-15,10,165.88
2025-08-15,11,216.88
2025-08-15,12,216.88
2025-08-15,13,165.88
2025-08-15,14,216.88
2025-08-15,15,217.88
2025-08-15,16,292.88
2025-08-15,17,217.88
2025-08-15,18,217.88
2025-08-15,19,355.88
2025-08-15,20,455.88
2025-08-15,21,355.88
2025-08-15,22,217.88
2025-08-15,23,217.88
2025-08-15,24,216.88
2025-08-16,1,181.92
2025-08-16,2,181.92
2025-08-16,3,181.92
2025-08-16,4,181.92
2025-08-16,5,181.92
2025-08-16,6,181.92
2025-08-16,7,181.92
2025-08-16,8,181.92
2025-08-16,9,181.92
2025-08-16,10,181.92
2025-08-16,11,181.92
2025-08-16,12,218.92
2025-08-16,13,181.92
2025-08-16,14,181.92
2025-08-16,15,181.92
2025-08-16,16,218.92
2025-08-16,17,251.92
2025-08-16,18,251.92
2025-08-16,19,276.92
2025-08-16,20,305.92
2025-08-16,21,251.92
2025-08-16,22,305.92
2025-08-16,23,276.92
2025-08-16,24,251.92
2025-08-17,1,234.15
2025-08-17,2,234.15
2025-08-17,3,234.15
2025-08-17,4,234.15
2025-08-17,5,234.15
2025-08-17,6,234.15
2025-08-17,7,215.15
2025-08-17,8,215.15
2025-08-17,9,215.15
2025-08-17,10,215.15
2025-08-17,11,215.15
2025-08-17,12,215.15
2025-08-17,13,215.15
2025-08-17,14,215.15
2025-08-17,15,215.15
2025-08-17,16,234.15
2025-08-17,17,234.15
2025-08-17,18,234.15
2025-08-17,19,243.15
2025-08-17,20,250.15
2025-08-17,21,250.15
2025-08-17,22,259.15
2025-08-17,23,259.15
2025-08-17,24,259.15
2025-08-18,1,233.73
2025-08-18,2,233.73
2025-08-18,3,233.73
2025-08-18,4,233.73
2025-08-18,5,233.73
2025-08-18,6,233.73
2025-08-18,7,233.73
2025-08-18,8,233.73
2025-08-18,9,233.73
2025-08-18,10,233.73
2025-08-18,11,233.73
2025-08-18,12,233.73
2025-08-18,13,233.73
2025-08-18,14,233.73
2025-08-18,15,233.73
2025-08-18,16,243.73
2025-08-18,17,282.73
2025-08-18,18,324.73
2025-08-18,19,324.73
2025-08-18,20,334.73
2025-08-18,21,324.73
2025-08-18,22,324.73
2025-08-18,23,324.73
2025-08-18,24,324.73
2025-08-19,1,234.98
2025-08-19,2,234.98
2025-08-19,3,183.98
2025-08-19,4,232.17
2025-08-19,5,234.98
2025-08-19,6,248.98
2025-08-19,7,248.98
2025-08-19,8,248.98
2025-08-19,9,248.98
2025-08-19,10,248.98
2025-08-19,11,289.98
2025-08-19,12,248.98
2025-08-19,13,248.98
2025-08-19,14,289.98
2025-08-19,15,289.98
2025-08-19,16,289.98
2025-08-19,17,291.98
2025-08-19,18,335.98
2025-08-19,19,336.98
2025-08-19,20,858.1
2025-08-19,21,858.1
2025-08-19,22,454.98
2025-08-19,23,291.98
2025-08-19,24,289.98
2025-08-20,1,242.62
2025-08-20,2,246.62
2025-08-20,3,246.62
2025-08-20,4,242.62
2025-08-20,5,246.62
2025-08-20,6,253.62
2025-08-20,7,253.62
2025-08-20,8,246.62
2025-08-20,9,246.62
2025-08-20,10,246.62
2025-08-20,11,253.62
2025-08-20,12,292.62
2025-08-20,13,292.62
2025-08-20,14,292.62
2025-08-20,15,292.62
2025-08-20,16,292.62
2025-08-20,17,294.62
2025-08-20,18,292.62
2025-08-20,19,338.62
2025-08-20,20,860.74
2025-08-20,21,338.62
2025-08-20,22,338.62
2025-08-20,23,292.62
2025-08-20,24,267.08
2025-08-21,1,186.44
2025-08-21,2,186.44
2025-08-21,3,186.44
2025-08-21,4,186.44
2025-08-21,5,186.44
2025-08-21,6,280.44
2025-08-21,7,280.44
2025-08-21,8,232.64
2025-08-21,9,280.44
2025-08-21,10,280.44
2025-08-21,11,280.44
2025-08-21,12,280.44
2025-08-21,13,280.44
2025-08-21,14,280.44
2025-08-21,15,292.44
2025-08-21,16,336.44
2025-08-21,17,353.44
2025-08-21,18,345.44
2025-08-21,19,455.44
2025-08-21,20,534.42
2025-08-21,21,534.42
2025-08-21,22,454.44
2025-08-21,23,285.44
2025-08-21,24,280.44
2025-08-22,1,272.74
2025-08-22,2,272.74
2025-08-22,3,271.74
2025-08-22,4,268.74
2025-08-22,5,272.74
2025-08-22,6,278.74
2025-08-22,7,278.74
2025-08-22,8,278.74
2025-08-22,9,278.74
2025-08-22,10,274.74
2025-08-22,11,278.74
2025-08-22,12,278.74
2025-08-22,13,278.74
2025-08-22,14,278.74
2025-08-22,15,278.74
2025-08-22,16,283.74
2025-08-22,17,283.74
2025-08-22,18,283.74
2025-08-22,19,343.74
2025-08-22,20,283.74
2025-08-22,21,283.74
2025-08-22,22,278.74
2025-08-22,23,278.74
2025-08-22,24,278.74
2025-08-23,1,183.44
2025-08-23,2,183.44
2025-08-23,3,183.44
2025-08-23,4,183.44
2025-08-23,5,183.44
2025-08-23,6,183.44
2025-08-23,7,183.44
2025-08-23,8,183.44
2025-08-23,9,183.44
2025-08-23,10,183.44
2025-08-23,11,183.44
2025-08-23,12,183.44
2025-08-23,13,183.44
2025-08-23,14,183.44
2025-08-23,15,230.64
2025-08-23,16,263.44
2025-08-23,17,267.44
2025-08-23,18,270.44
2025-08-23,19,334.44
2025-08-23,20,452.44
2025-08-23,21,276.44
2025-08-23,22,270.44
2025-08-23,23,270.44
2025-08-23,24,263.44
2025-08-24,1,239.9
2025-08-24,2,239.9
2025-08-24,3,239.9
2025-08-24,4,239.9
2025-08-24,5,239.9
2025-08-24,6,239.9
2025-08-24,7,179.9
2025-08-24,8,108.46
2025-08-24,9,101.33
2025-08-24,10,101.33
2025-08-24,11,108.46
2025-08-24,12,179.9
2025-08-24,13,239.9
2025-08-24,14,239.9
2025-08-24,15,239.9
2025-08-24,16,239.9
2025-08-24,17,244.9
2025-08-24,18,249.9
2025-08-24,19,335.9
2025-08-24,20,403.9
2025-08-24,21,403.9
2025-08-24,22,335.9
2025-08-24,23,274.9
2025-08-24,24,249.9
2025-08-25,1,268.93
2025-08-25,2,268.93
2025-08-25,3,252.93
2025-08-25,4,252.93
2025-08-25,5,252.93
2025-08-25,6,268.93
2025-08-25,7,273.93
2025-08-25,8,278.93
2025-08-25,9,298.93
2025-08-25,10,278.93
2025-08-25,11,278.93
2025-08-25,12,278.93
2025-08-25,13,278.93
2025-08-25,14,293.93
2025-08-25,15,298.93
2025-08-25,16,298.93
2025-08-25,17,298.93
2025-08-25,18,298.93
2025-08-25,19,334.93
2025-08-25,20,453.93
2025-08-25,21,453.93
2025-08-25,22,298.93
2025-08-25,23,298.93
2025-08-25,24,278.93
2025-08-26,1,260.64
2025-08-26,2,260.64
2025-08-26,3,260.64
2025-08-26,4,260.64
2025-08-26,5,260.64
2025-08-26,6,277.64
2025-08-26,7,262.64
2025-08-26,8,260.64
2025-08-26,9,266.64
2025-08-26,10,261.64
2025-08-26,11,277.64
2025-08-26,12,282.64
2025-08-26,13,282.64
2025-08-26,14,282.64
2025-08-26,15,298.64
2025-08-26,16,333.64
2025-08-26,17,342.64
2025-08-26,18,342.64
2025-08-26,19,502.64
2025-08-26,20,855.76
2025-08-26,21,502.64
2025-08-26,22,342.64
2025-08-26,23,298.64
2025-08-26,24,282.64
2025-08-27,1,279.78
2025-08-27,2,279.78
2025-08-27,3,279.78
2025-08-27,4,268.78
2025-08-27,5,279.78
2025-08-27,6,279.78
2025-08-27,7,279.78
2025-08-27,8,279.78
2025-08-27,9,279.78
2025-08-27,10,279.78
2025-08-27,11,279.78
2025-08-27,12,279.78
2025-08-27,13,279.78
2025-08-27,14,302.78
2025-08-27,15,303.78
2025-08-27,16,309.78
2025-08-27,17,335.78
2025-08-27,18,335.78
2025-08-27,19,344.78
2025-08-27,20,857.9
2025-08-27,21,344.78
2025-08-27,22,344.78
2025-08-27,23,303.78
2025-08-27,24,302.78
2025-08-28,1,353.36
2025-08-28,2,353.36
2025-08-28,3,343.36
2025-08-28,4,343.36
2025-08-28,5,353.36
2025-08-28,6,353.36
2025-08-28,7,353.36
2025-08-28,8,353.36
2025-08-28,9,353.36
2025-08-28,10,353.36
2025-08-28,11,353.36
2025-08-28,12,353.36
2025-08-28,13,353.36
2025-08-28,14,353.36
2025-08-28,15,393.36
2025-08-28,16,393.36
2025-08-28,17,398.36
2025-08-28,18,398.36
2025-08-28,19,527.29
2025-08-28,20,2218.11
2025-08-28,21,503.36
2025-08-28,22,398.36
2025-08-28,23,353.36
2025-08-28,24,353.36
2025-08-29,1,304.04
2025-08-29,2,304.04
2025-08-29,3,304.04
2025-08-29,4,304.04
2025-08-29,5,304.04
2025-08-29,6,364.04
2025-08-29,7,344.04
2025-08-29,8,344.04
2025-08-29,9,304.04
2025-08-29,10,304.04
2025-08-29,11,344.04
2025-08-29,12,364.04
2025-08-29,13,364.04
2025-08-29,14,364.04
2025-08-29,15,375.04
2025-08-29,16,403.04
2025-08-29,17,454.04
2025-08-29,18,444.04
2025-08-29,19,554.04
2025-08-29,20,936.77
2025-08-29,21,554.04
2025-08-29,22,444.04
2025-08-29,23,375.04
2025-08-29,24,374.04
2025-08-30,1,293.44
2025-08-30,2,293.44
2025-08-30,3,293.44
2025-08-30,4,293.44
2025-08-30,5,292.44
2025-08-30,6,233.44
2025-08-30,7,252.64
2025-08-30,8,249.02
2025-08-30,9,293.44
2025-08-30,10,293.44
2025-08-30,11,233.44
2025-08-30,12,293.44
2025-08-30,13,293.44
2025-08-30,14,293.44
2025-08-30,15,293.44
2025-08-30,16,293.44
2025-08-30,17,293.44
2025-08-30,18,343.44
2025-08-30,19,453.44
2025-08-30,20,453.44
2025-08-30,21,343.44
2025-08-30,22,873.44
2025-08-30,23,443.44
2025-08-30,24,343.44
2025-08-31,1,204.65
2025-08-31,2,295.65
2025-08-31,3,295.65
2025-08-31,4,222.65
2025-08-31,5,250.23
2025-08-31,6,250.23
2025-08-31,7,204.65
2025-08-31,8,204.65
2025-08-31,9,204.65
2025-08-31,10,204.65
2025-08-31,11,204.65
2025-08-31,12,204.65
2025-08-31,13,204.65
2025-08-31,14,204.65
2025-08-31,15,231.85
2025-08-31,16,295.65
2025-08-31,17,295.65
2025-08-31,18,295.65
2025-08-31,19,344.65
2025-08-31,20,354.65
2025-08-31,21,354.65
2025-08-31,22,354.65
2025-08-31,23,444.65
2025-08-31,24,354.65
2025-09-01,1,108.05
2025-09-01,2,108.05
2025-09-01,3,108.05
2025-09-01,4,108.05
2025-09-01,5,222.86
2025-09-01,6,224.86
2025-09-01,7,224.86
2025-09-01,8,224.86
2025-09-01,9,224.86
2025-09-01,10,224.86
2025-09-01,11,249.38
2025-09-01,12,444.86
2025-09-01,13,444.86
2025-09-01,14,454.86
2025-09-01,15,520.78
2025-09-01,16,520.78
2025-09-01,17,520.78
2025-09-01,18,454.86
2025-09-01,19,703.86
2025-09-01,20,704.86
2025-09-01,21,703.86
2025-09-01,22,520.78
2025-09-01,23,303.86
2025-09-01,24,224.86
2025-09-02,1,109.08
2025-09-02,2,109.08
2025-09-02,3,109.08
2025-09-02,4,104.66
2025-09-02,5,109.08
2025-09-02,6,109.31
2025-09-02,7,111.68
2025-09-02,8,111.68
2025-09-02,9,109.21
2025-09-02,10,109.21
2025-09-02,11,111.68
2025-09-02,12,111.68
2025-09-02,13,111.68
2025-09-02,14,308.61
2025-09-02,15,308.61
2025-09-02,16,308.61
2025-09-02,17,448.61
2025-09-02,18,448.61
2025-09-02,19,758.61
2025-09-02,20,881.96
2025-09-02,21,758.61
2025-09-02,22,448.61
2025-09-02,23,307.61
2025-09-02,24,111.68
2025-09-03,1,107.86
2025-09-03,2,107.86
2025-09-03,3,107.86
2025-09-03,4,107.83
2025-09-03,5,107.83
2025-09-03,6,107.86
2025-09-03,7,222.36
2025-09-03,8,222.36
2025-09-03,9,110.96
2025-09-03,10,107.96
2025-09-03,11,108.06
2025-09-03,12,222.36
2025-09-03,13,112.36
2025-09-03,14,222.36
2025-09-03,15,222.36
2025-09-03,16,357.36
2025-09-03,17,357.36
2025-09-03,18,357.36
2025-09-03,19,807.36
2025-09-03,20,381.36
2025-09-03,21,807.36
2025-09-03,22,357.36
2025-09-03,23,222.36
2025-09-03,24,112.36
2025-09-04,1,105.85
2025-09-04,2,105.85
2025-09-04,3,105.85
2025-09-04,4,105.85
2025-09-04,5,105.86
2025-09-04,6,110.3
2025-09-04,7,110.4
2025-09-04,8,113.02
2025-09-04,9,218.8
2025-09-04,10,201.8
2025-09-04,11,114.8
2025-09-04,12,218.8
2025-09-04,13,201.8
2025-09-04,14,218.8
2025-09-04,15,218.8
2025-09-04,16,227.8
2025-09-04,17,459.8
2025-09-04,18,459.8
2025-09-04,19,858.96
2025-09-04,20,383.8
2025-09-04,21,718.19
2025-09-04,22,218.8
2025-09-04,23,114.8
2025-09-04,24,110.4
2025-09-05,1,103.17
2025-09-05,2,103.17
2025-09-05,3,103.17
2025-09-05,4,103.17
2025-09-05,5,103.17
2025-09-05,6,107.59
2025-09-05,7,107.59
2025-09-05,8,107.59
2025-09-05,9,107.59
2025-09-05,10,107.59
2025-09-05,11,107.71
2025-09-05,12,216.11
2025-09-05,13,110.48
2025-09-05,14,216.11
2025-09-05,15,225.11
2025-09-05,16,297.61
2025-09-05,17,457.11
2025-09-05,18,297.61
2025-09-05,19,856.27
2025-09-05,20,872.11
2025-09-05,21,297.61
2025-09-05,22,216.11
2025-09-05,23,216.11
2025-09-05,24,107.71
2025-09-06,1,111.72
2025-09-06,2,111.72
2025-09-06,3,107.22
2025-09-06,4,107.22
2025-09-06,5,107.22
2025-09-06,6,107.22
2025-09-06,7,107.22
2025-09-06,8,107.22
2025-09-06,9,107.22
2025-09-06,10,107.22
2025-09-06,11,107.22
2025-09-06,12,107.32
2025-09-06,13,107.22
2025-09-06,14,107.22
2025-09-06,15,111.72
2025-09-06,16,111.72
2025-09-06,17,111.72
2025-09-06,18,111.72
2025-09-06,19,198.72
2025-09-06,20,456.72
2025-09-06,21,175.72
2025-09-06,22,111.72
2025-09-06,23,111.72
2025-09-06,24,111.72
2025-09-07,1,99.61
2025-09-07,2,99.61
2025-09-07,3,99.61
2025-09-07,4,99.61
2025-09-07,5,99.61
2025-09-07,6,99.61
2025-09-07,7,99.61
2025-09-07,8,99.61
2025-09-07,9,99.61
2025-09-07,10,99.61
2025-09-07,11,99.61
2025-09-07,12,99.61
2025-09-07,13,99.61
2025-09-07,14,99.61
2025-09-07,15,99.61
2025-09-07,16,99.61
2025-09-07,17,104.03
2025-09-07,18,104.03
2025-09-07,19,107.05
2025-09-07,20,203.55
2025-09-07,21,107.05
2025-09-07,22,104.25
2025-09-07,23,104.05
2025-09-07,24,104.03
2025-09-08,1,101.83
2025-09-08,2,101.83
2025-09-08,3,101.83
2025-09-08,4,101.83
2025-09-08,5,101.83
2025-09-08,6,106.25
2025-09-08,7,106.25
2025-09-08,8,106.28
2025-09-08,9,101.84
2025-09-08,10,101.83
2025-09-08,11,101.84
2025-09-08,12,106.25
2025-09-08,13,106.25
2025-09-08,14,106.28
2025-09-08,15,106.28
2025-09-08,16,223.78
2025-09-08,17,250.85
2025-09-08,18,223.78
2025-09-08,19,870.78
2025-09-08,20,854.94
2025-09-08,21,870.78
2025-09-08,22,223.78
2025-09-08,23,106.28
2025-09-08,24,106.28
2025-09-09,1,100.74
2025-09-09,2,100.74
2025-09-09,3,100.74
2025-09-09,4,100.74
2025-09-09,5,100.74
2025-09-09,6,105.19
2025-09-09,7,105.19
2025-09-09,8,100.74
2025-09-09,9,100.75
2025-09-09,10,100.75
2025-09-09,11,105.19
2025-09-09,12,105.29
2025-09-09,13,105.19
2025-09-09,14,105.29
2025-09-09,15,105.19
2025-09-09,16,222.69
2025-09-09,17,222.69
2025-09-09,18,454.69
2025-09-09,19,869.69
2025-09-09,20,869.69
2025-09-09,21,869.69
2025-09-09,22,454.69
2025-09-09,23,105.29
2025-09-09,24,105.19
2025-09-10,1,110.0
2025-09-10,2,109.95
2025-09-10,3,109.95
2025-09-10,4,109.95
2025-09-10,5,110.0
2025-09-10,6,112.4
2025-09-10,7,112.4
2025-09-10,8,112.4
2025-09-10,9,112.4
2025-09-10,10,110.1
2025-09-10,11,112.4
2025-09-10,12,112.4
2025-09-10,13,112.4
2025-09-10,14,112.4
2025-09-10,15,201.4
2025-09-10,16,236.6
2025-09-10,17,112.48
2025-09-10,18,459.4
2025-09-10,19,874.4
2025-09-10,20,1023.33
2025-09-10,21,874.4
2025-09-10,22,227.4
2025-09-10,23,112.4
2025-09-10,24,112.4
2025-09-11,1,196.76
2025-09-11,2,132.76
2025-09-11,3,132.76
2025-09-11,4,132.76
2025-09-11,5,196.76
2025-09-11,6,251.84
2025-09-11,7,305.76
2025-09-11,8,251.84
2025-09-11,9,109.84
2025-09-11,10,132.76
2025-09-11,11,132.76
2025-09-11,12,196.76
2025-09-11,13,132.76
2025-09-11,14,196.76
2025-09-11,15,251.84
2025-09-11,16,456.76
2025-09-11,17,456.76
2025-09-11,18,456.76
2025-09-11,19,871.76
2025-09-11,20,871.76
2025-09-11,21,871.76
2025-09-11,22,196.76
2025-09-11,23,305.76
2025-09-11,24,196.76
2025-09-12,1,151.63
2025-09-12,2,151.63
2025-09-12,3,151.63
2025-09-12,4,151.63
2025-09-12,5,107.1
2025-09-12,6,109.71
2025-09-12,7,107.23
2025-09-12,8,109.71
2025-09-12,9,151.63
2025-09-12,10,151.63
2025-09-12,11,151.63
2025-09-12,12,151.63
2025-09-12,13,151.63
2025-09-12,14,151.63
2025-09-12,15,151.63
2025-09-12,16,269.63
2025-09-12,17,456.63
2025-09-12,18,269.63
2025-09-12,19,871.63
2025-09-12,20,871.63
2025-09-12,21,855.79
2025-09-12,22,151.63
2025-09-12,23,871.63
2025-09-12,24,151.63
2025-09-13,1,149.99
2025-09-13,2,124.99
2025-09-13,3,124.99
2025-09-13,4,124.99
2025-09-13,5,149.99
2025-09-13,6,124.99
2025-09-13,7,124.99
2025-09-13,8,124.99
2025-09-13,9,124.99
2025-09-13,10,149.99
2025-09-13,11,164.99
2025-09-13,12,164.99
2025-09-13,13,149.99
2025-09-13,14,164.99
2025-09-13,15,164.99
2025-09-13,16,164.99
2025-09-13,17,164.99
2025-09-13,18,303.99
2025-09-13,19,869.99
2025-09-13,20,869.99
2025-09-13,21,267.99
2025-09-13,22,164.99
2025-09-13,23,164.99
2025-09-13,24,164.99
2025-09-14,1,163.12
2025-09-14,2,163.12
2025-09-14,3,163.12
2025-09-14,4,163.12
2025-09-14,5,163.12
2025-09-14,6,163.12
2025-09-14,7,163.12
2025-09-14,8,163.12
2025-09-14,9,163.12
2025-09-14,10,163.12
2025-09-14,11,163.12
2025-09-14,12,163.12
2025-09-14,13,163.12
2025-09-14,14,163.12
2025-09-14,15,164.12
2025-09-14,16,164.12
2025-09-14,17,164.12
2025-09-14,18,169.12
2025-09-14,19,204.12
2025-09-14,20,869.12
2025-09-14,21,204.12
2025-09-14,22,204.12
2025-09-14,23,169.12
2025-09-14,24,164.12
2025-09-15,1,229.06
2025-09-15,2,229.06
2025-09-15,3,229.06
2025-09-15,4,229.06
2025-09-15,5,229.06
2025-09-15,6,229.06
2025-09-15,7,229.06
2025-09-15,8,239.06
2025-09-15,9,239.06
2025-09-15,10,239.06
2025-09-15,11,239.06
2025-09-15,12,239.06
2025-09-15,13,239.06
2025-09-15,14,239.06
2025-09-15,15,249.06
2025-09-15,16,249.06
2025-09-15,17,267.06
2025-09-15,18,267.06
2025-09-15,19,869.06
2025-09-15,20,853.22
2025-09-15,21,648.27
2025-09-15,22,869.06
2025-09-15,23,249.06
2025-09-15,24,239.06
2025-09-16,1,263.84
2025-09-16,2,248.84
2025-09-16,3,248.84
2025-09-16,4,248.84
2025-09-16,5,263.84
2025-09-16,6,267.83
2025-09-16,7,263.84
2025-09-16,8,263.84
2025-09-16,9,263.84
2025-09-16,10,263.84
2025-09-16,11,293.84
2025-09-16,12,293.84
2025-09-16,13,293.84
2025-09-16,14,293.84
2025-09-16,15,293.84
2025-09-16,16,413.84
2025-09-16,17,413.84
2025-09-16,18,413.84
2025-09-16,19,853.01
2025-09-16,20,868.84
2025-09-16,21,868.84
2025-09-16,22,413.84
2025-09-16,23,293.84
2025-09-16,24,293.84
2025-09-17,1,262.78
2025-09-17,2,262.78
2025-09-17,3,262.78
2025-09-17,4,262.78
2025-09-17,5,262.78
2025-09-17,6,262.78
2025-09-17,7,262.78
2025-09-17,8,262.78
2025-09-17,9,262.78
2025-09-17,10,262.78
2025-09-17,11,262.78
2025-09-17,12,262.78
2025-09-17,13,262.78
2025-09-17,14,262.78
2025-09-17,15,283.78
2025-09-17,16,283.78
2025-09-17,17,453.78
2025-09-17,18,453.78
2025-09-17,19,852.94
2025-09-17,20,868.78
2025-09-17,21,868.78
2025-09-17,22,283.78
2025-09-17,23,283.78
2025-09-17,24,262.78
2025-09-18,1,245.56
2025-09-18,2,245.56
2025-09-18,3,245.56
2025-09-18,4,245.56
2025-09-18,5,245.56
2025-09-18,6,245.56
2025-09-18,7,245.56
2025-09-18,8,245.56
2025-09-18,9,253.56
2025-09-18,10,253.56
2025-09-18,11,253.56
2025-09-18,12,267.56
2025-09-18,13,253.56
2025-09-18,14,267.56
2025-09-18,15,304.76
2025-09-18,16,304.76
2025-09-18,17,304.76
2025-09-18,18,304.76
2025-09-18,19,604.56
2025-09-18,20,853.72
2025-09-18,21,304.76
2025-09-18,22,304.76
2025-09-18,23,304.76
2025-09-18,24,253.56
2025-09-19,1,244.35
2025-09-19,2,244.35
2025-09-19,3,244.35
2025-09-19,4,244.35
2025-09-19,5,244.35
2025-09-19,6,266.35
2025-09-19,7,268.35
2025-09-19,8,268.35
2025-09-19,9,268.35
2025-09-19,10,266.35
2025-09-19,11,268.35
2025-09-19,12,269.28
2025-09-19,13,268.35
2025-09-19,14,303.55
2025-09-19,15,303.55
2025-09-19,16,303.55
2025-09-19,17,303.55
2025-09-19,18,303.55
2025-09-19,19,453.35
2025-09-19,20,603.35
2025-09-19,21,443.35
2025-09-19,22,353.35
2025-09-19,23,303.55
2025-09-19,24,303.55
2025-09-20,1,244.26
2025-09-20,2,244.26
2025-09-20,3,244.26
2025-09-20,4,244.26
2025-09-20,5,244.26
2025-09-20,6,244.26
2025-09-20,7,244.26
2025-09-20,8,244.26
2025-09-20,9,244.26
2025-09-20,10,244.26
2025-09-20,11,244.26
2025-09-20,12,244.26
2025-09-20,13,244.26
2025-09-20,14,244.26
2025-09-20,15,244.26
2025-09-20,16,244.26
2025-09-20,17,283.26
2025-09-20,18,303.26
2025-09-20,19,453.26
2025-09-20,20,453.26
2025-09-20,21,303.26
2025-09-20,22,303.26
2025-09-20,23,283.26
2025-09-20,24,252.26
2025-09-21,1,223.68
2025-09-21,2,223.68
2025-09-21,3,223.68
2025-09-21,4,223.68
2025-09-21,5,223.68
2025-09-21,6,223.68
2025-09-21,7,213.68
2025-09-21,8,203.68
2025-09-21,9,203.68
2025-09-21,10,203.68
2025-09-21,11,213.68
2025-09-21,12,223.68
2025-09-21,13,223.68
2025-09-21,14,223.68
2025-09-21,15,223.68
2025-09-21,16,233.68
2025-09-21,17,238.18
2025-09-21,18,238.18
2025-09-21,19,443.68
2025-09-21,20,453.68
2025-09-21,21,443.68
2025-09-21,22,242.68
2025-09-21,23,238.18
2025-09-21,24,238.18
2025-09-22,1,245.18
2025-09-22,2,245.18
2025-09-22,3,234.18
2025-09-22,4,232.38
2025-09-22,5,245.18
2025-09-22,6,245.18
2025-09-22,7,245.18
2025-09-22,8,245.18
2025-09-22,9,245.18
2025-09-22,10,245.18
2025-09-22,11,245.18
2025-09-22,12,250.18
2025-09-22,13,250.18
2025-09-22,14,250.18
2025-09-22,15,445.18
2025-09-22,16,445.18
2025-09-22,17,445.18
2025-09-22,18,455.18
2025-09-22,19,854.34
2025-09-22,20,854.34
2025-09-22,21,646.42
2025-09-22,22,445.18
2025-09-22,23,250.18
2025-09-22,24,250.18
2025-09-23,1,254.08
2025-09-23,2,254.08
2025-09-23,3,254.08
2025-09-23,4,254.08
2025-09-23,5,254.08
2025-09-23,6,254.08
2025-09-23,7,254.08
2025-09-23,8,254.08
2025-09-23,9,254.08
2025-09-23,10,254.08
2025-09-23,11,254.08
2025-09-23,12,254.08
2025-09-23,13,254.08
2025-09-23,14,304.08
2025-09-23,15,304.08
2025-09-23,16,352.08
2025-09-23,17,454.08
2025-09-23,18,454.08
2025-09-23,19,853.24
2025-09-23,20,853.24
2025-09-23,21,645.63
2025-09-23,22,304.08
2025-09-23,23,254.08
2025-09-23,24,254.08
2025-09-24,1,383.23
2025-09-24,2,323.23
2025-09-24,3,323.23
2025-09-24,4,288.23
2025-09-24,5,323.23
2025-09-24,6,383.23
2025-09-24,7,383.23
2025-09-24,8,351.23
2025-09-24,9,383.23
2025-09-24,10,383.23
2025-09-24,11,383.23
2025-09-24,12,383.23
2025-09-24,13,383.23
2025-09-24,14,383.23
2025-09-24,15,403.23
2025-09-24,16,403.23
2025-09-24,17,403.23
2025-09-24,18,403.23
2025-09-24,19,852.39
2025-09-24,20,852.39
2025-09-24,21,645.12
2025-09-24,22,403.23
2025-09-24,23,383.23
2025-09-24,24,383.23
2025-09-25,1,360.91
2025-09-25,2,360.91
2025-09-25,3,360.91
2025-09-25,4,360.91
2025-09-25,5,360.91
2025-09-25,6,400.91
2025-09-25,7,400.91
2025-09-25,8,400.91
2025-09-25,9,400.91
2025-09-25,10,400.91
2025-09-25,11,501.91
2025-09-25,12,400.91
2025-09-25,13,400.91
2025-09-25,14,501.91
2025-09-25,15,501.91
2025-09-25,16,501.91
2025-09-25,17,501.91
2025-09-25,18,638.48
2025-09-25,19,1229.18
2025-09-25,20,850.07
2025-09-25,21,638.48
2025-09-25,22,501.91
2025-09-25,23,501.91
2025-09-25,24,501.91
2025-09-26,1,400.09
2025-09-26,2,400.09
2025-09-26,3,400.09
2025-09-26,4,400.09
2025-09-26,5,400.09
2025-09-26,6,400.09
2025-09-26,7,400.09
2025-09-26,8,400.09
2025-09-26,9,400.09
2025-09-26,10,400.09
2025-09-26,11,400.09
2025-09-26,12,400.09
2025-09-26,13,401.09
2025-09-26,14,401.09
2025-09-26,15,500.09
2025-09-26,16,600.09
2025-09-26,17,601.09
2025-09-26,18,601.09
2025-09-26,19,861.09
2025-09-26,20,861.09
2025-09-26,21,601.09
2025-09-26,22,451.09
2025-09-26,23,401.09
2025-09-26,24,400.09
2025-09-27,1,222.82
2025-09-27,2,222.82
2025-09-27,3,222.82
2025-09-27,4,222.82
2025-09-27,5,222.82
2025-09-27,6,222.82
2025-09-27,7,222.82
2025-09-27,8,222.82
2025-09-27,9,222.82
2025-09-27,10,222.82
2025-09-27,11,222.82
2025-09-27,12,222.82
2025-09-27,13,222.82
2025-09-27,14,222.82
2025-09-27,15,222.82
2025-09-27,16,252.82
2025-09-27,17,402.82
2025-09-27,18,402.82
2025-09-27,19,602.82
2025-09-27,20,602.82
2025-09-27,21,601.82
2025-09-27,22,402.82
2025-09-27,23,252.82
2025-09-27,24,222.82
2025-09-28,1,401.59
2025-09-28,2,261.59
2025-09-28,3,261.59
2025-09-28,4,261.59
2025-09-28,5,261.59
2025-09-28,6,261.59
2025-09-28,7,261.59
2025-09-28,8,261.59
2025-09-28,9,261.59
2025-09-28,10,261.59
2025-09-28,11,261.59
2025-09-28,12,261.59
2025-09-28,13,261.59
2025-09-28,14,261.59
2025-09-28,15,261.59
2025-09-28,16,261.59
2025-09-28,17,401.59
2025-09-28,18,402.59
2025-09-28,19,402.59
2025-09-28,20,402.59
2025-09-28,21,402.59
2025-09-28,22,402.59
2025-09-28,23,402.59
2025-09-28,24,401.59
2025-09-29,1,109.05
2025-09-29,2,109.05
2025-09-29,3,109.05
2025-09-29,4,109.05
2025-09-29,5,233.17
2025-09-29,6,275.97
2025-09-29,7,275.97
2025-09-29,8,274.97
2025-09-29,9,275.97
2025-09-29,10,275.97
2025-09-29,11,275.97
2025-09-29,12,275.97
2025-09-29,13,275.97
2025-09-29,14,275.97
2025-09-29,15,394.97
2025-09-29,16,405.97
2025-09-29,17,405.97
2025-09-29,18,604.97
2025-09-29,19,865.97
2025-09-29,20,604.97
2025-09-29,21,455.97
2025-09-29,22,405.97
2025-09-29,23,275.97
2025-09-29,24,275.97
2025-09-30,1,108.55
2025-09-30,2,108.55
2025-09-30,3,108.55
2025-09-30,4,108.55
2025-09-30,5,108.55
2025-09-30,6,255.47
2025-09-30,7,255.47
2025-09-30,8,255.47
2025-09-30,9,255.47
2025-09-30,10,232.67
2025-09-30,11,255.47
2025-09-30,12,255.47
2025-09-30,13,255.47
2025-09-30,14,255.47
2025-09-30,15,255.47
2025-09-30,16,255.47
2025-09-30,17,255.47
2025-09-30,18,290.47
2025-09-30,19,865.47
2025-09-30,20,525.47
2025-09-30,21,455.47
2025-09-30,22,290.47
2025-09-30,23,255.47
2025-09-30,24,255.47
2025-10-01,1,108.52
2025-10-01,2,108.52
2025-10-01,3,107.56
2025-10-01,4,108.52
2025-10-01,5,235.82
2025-10-01,6,258.62
2025-10-01,7,258.62
2025-10-01,8,258.62
2025-10-01,9,108.52
2025-10-01,10,108.52
2025-10-01,11,258.62
2025-10-01,12,258.62
2025-10-01,13,258.62
2025-10-01,14,258.62
2025-10-01,15,258.62
2025-10-01,16,258.62
2025-10-01,17,293.62
2025-10-01,18,458.62
2025-10-01,19,807.62
2025-10-01,20,822.97
2025-10-01,21,807.62
2025-10-01,22,458.62
2025-10-01,23,293.62
2025-10-01,24,258.62
2025-10-02,1,107.89
2025-10-02,2,107.89
2025-10-02,3,107.89
2025-10-02,4,107.89
2025-10-02,5,107.89
2025-10-02,6,234.62
2025-10-02,7,234.62
2025-10-02,8,234.62
2025-10-02,9,234.62
2025-10-02,10,234.62
2025-10-02,11,234.62
2025-10-02,12,234.62
2025-10-02,13,234.62
2025-10-02,14,234.62
2025-10-02,15,234.62
2025-10-02,16,234.62
2025-10-02,17,258.62
2025-10-02,18,459.62
2025-10-02,19,823.97
2025-10-02,20,823.97
2025-10-02,21,708.62
2025-10-02,22,459.62
2025-10-02,23,294.62
2025-10-02,24,234.62
2025-10-03,1,233.23
2025-10-03,2,233.23
2025-10-03,3,233.23
2025-10-03,4,233.23
2025-10-03,5,233.23
2025-10-03,6,233.43
2025-10-03,7,276.23
2025-10-03,8,268.4
2025-10-03,9,276.23
2025-10-03,10,233.23
2025-10-03,11,233.23
2025-10-03,12,276.23
2025-10-03,13,276.23
2025-10-03,14,276.23
2025-10-03,15,276.23
2025-10-03,16,291.23
2025-10-03,17,291.23
2025-10-03,18,291.23
2025-10-03,19,605.23
2025-10-03,20,705.23
2025-10-03,21,456.23
2025-10-03,22,291.23
2025-10-03,23,276.23
2025-10-03,24,233.23
2025-10-04,1,181.06
2025-10-04,2,181.06
2025-10-04,3,181.06
2025-10-04,4,181.06
2025-10-04,5,181.06
2025-10-04,6,181.06
2025-10-04,7,181.06
2025-10-04,8,181.06
2025-10-04,9,181.06
2025-10-04,10,204.06
2025-10-04,11,204.06
2025-10-04,12,204.06
2025-10-04,13,204.06
2025-10-04,14,233.25
2025-10-04,15,181.06
2025-10-04,16,225.06
2025-10-04,17,255.06
2025-10-04,18,266.06
2025-10-04,19,456.06
2025-10-04,20,276.06
2025-10-04,21,276.06
2025-10-04,22,266.06
2025-10-04,23,233.25
2025-10-04,24,233.25
2025-10-05,1,224.31
2025-10-05,2,224.31
2025-10-05,3,224.31
2025-10-05,4,224.31
2025-10-05,5,224.31
2025-10-05,6,224.31
2025-10-05,7,224.31
2025-10-05,8,107.59
2025-10-05,9,107.59
2025-10-05,10,102.71
2025-10-05,11,102.71
2025-10-05,12,111.15
2025-10-05,13,224.31
2025-10-05,14,224.31
2025-10-05,15,224.31
2025-10-05,16,224.31
2025-10-05,17,224.31
2025-10-05,18,229.31
2025-10-05,19,279.31
2025-10-05,20,279.31
2025-10-05,21,279.31
2025-10-05,22,279.31
2025-10-05,23,229.31
2025-10-05,24,224.31
2025-10-06,1,107.27
2025-10-06,2,102.38
2025-10-06,3,102.38
2025-10-06,4,102.38
2025-10-06,5,107.27
2025-10-06,6,206.99
2025-10-06,7,223.99
2025-10-06,8,223.99
2025-10-06,9,223.99
2025-10-06,10,223.99
2025-10-06,11,223.99
2025-10-06,12,223.99
2025-10-06,13,223.99
2025-10-06,14,223.99
2025-10-06,15,243.99
2025-10-06,16,307.99
2025-10-06,17,243.99
2025-10-06,18,307.99
2025-10-06,19,458.99
2025-10-06,20,307.99
2025-10-06,21,307.99
2025-10-06,22,307.99
2025-10-06,23,243.99
2025-10-06,24,223.99
2025-10-07,1,231.13
2025-10-07,2,231.13
2025-10-07,3,231.13
2025-10-07,4,228.13
2025-10-07,5,231.13
2025-10-07,6,231.13
2025-10-07,7,231.13
2025-10-07,8,231.13
2025-10-07,9,231.13
2025-10-07,10,231.13
2025-10-07,11,231.13
2025-10-07,12,231.13
2025-10-07,13,231.13
2025-10-07,14,231.13
2025-10-07,15,231.13
2025-10-07,16,244.13
2025-10-07,17,279.13
2025-10-07,18,329.13
2025-10-07,19,459.13
2025-10-07,20,459.13
2025-10-07,21,279.13
2025-10-07,22,279.13
2025-10-07,23,279.13
2025-10-07,24,244.13
2025-10-08,1,231.21
2025-10-08,2,231.21
2025-10-08,3,109.38
2025-10-08,4,107.02
2025-10-08,5,107.49
2025-10-08,6,229.21
2025-10-08,7,229.21
2025-10-08,8,229.21
2025-10-08,9,229.21
2025-10-08,10,229.21
2025-10-08,11,231.21
2025-10-08,12,231.21
2025-10-08,13,231.21
2025-10-08,14,231.21
2025-10-08,15,231.21
2025-10-08,16,239.21
2025-10-08,17,239.21
2025-10-08,18,239.21
2025-10-08,19,459.21
2025-10-08,20,459.21
2025-10-08,21,231.21
2025-10-08,22,231.21
2025-10-08,23,231.21
2025-10-08,24,231.21
2025-10-09,1,197.49
2025-10-09,2,197.49
2025-10-09,3,197.49
2025-10-09,4,197.49
2025-10-09,5,197.49
2025-10-09,6,197.49
2025-10-09,7,197.49
2025-10-09,8,197.49
2025-10-09,9,197.49
2025-10-09,10,197.49
2025-10-09,11,197.49
2025-10-09,12,197.49
2025-10-09,13,197.49
2025-10-09,14,197.49
2025-10-09,15,197.49
2025-10-09,16,197.49
2025-10-09,17,231.49
2025-10-09,18,451.49
2025-10-09,19,456.49
2025-10-09,20,451.49
2025-10-09,21,240.74
2025-10-09,22,231.49
2025-10-09,23,200.49
2025-10-09,24,197.49
2025-10-10,1,207.59
2025-10-10,2,116.59
2025-10-10,3,109.99
2025-10-10,4,109.99
2025-10-10,5,109.99
2025-10-10,6,114.41
2025-10-10,7,114.87
2025-10-10,8,114.87
2025-10-10,9,116.59
2025-10-10,10,165.59
2025-10-10,11,165.59
2025-10-10,12,165.59
2025-10-10,13,165.59
2025-10-10,14,207.59
2025-10-10,15,207.59
2025-10-10,16,207.59
2025-10-10,17,220.59
2025-10-10,18,221.59
2025-10-10,19,276.59
2025-10-10,20,276.59
2025-10-10,21,220.59
2025-10-10,22,207.59
2025-10-10,23,207.59
2025-10-10,24,207.59
2025-10-11,1,103.3
2025-10-11,2,103.3
2025-10-11,3,103.3
2025-10-11,4,103.3
2025-10-11,5,103.3
2025-10-11,6,103.3
2025-10-11,7,103.3
2025-10-11,8,103.3
2025-10-11,9,103.3
2025-10-11,10,103.3
2025-10-11,11,103.3
2025-10-11,12,107.72
2025-10-11,13,108.18
2025-10-11,14,108.18
2025-10-11,15,110.55
2025-10-11,16,110.55
2025-10-11,17,200.9
2025-10-11,18,200.9
2025-10-11,19,200.9
2025-10-11,20,200.9
2025-10-11,21,200.9
2025-10-11,22,200.9
2025-10-11,23,110.55
2025-10-11,24,103.3
2025-10-12,1,103.8
2025-10-12,2,103.8
2025-10-12,3,103.8
2025-10-12,4,103.8
2025-10-12,5,103.8
2025-10-12,6,103.8
2025-10-12,7,103.8
2025-10-12,8,103.8
2025-10-12,9,103.8
2025-10-12,10,103.8
2025-10-12,11,103.8
2025-10-12,12,103.8
2025-10-12,13,103.8
2025-10-12,14,103.8
2025-10-12,15,103.8
2025-10-12,16,103.8
2025-10-12,17,103.8
2025-10-12,18,108.22
2025-10-12,19,145.4
2025-10-12,20,145.4
2025-10-12,21,110.4
2025-10-12,22,108.68
2025-10-12,23,108.22
2025-10-12,24,108.22
2025-10-13,1,104.02
2025-10-13,2,104.02
2025-10-13,3,104.02
2025-10-13,4,104.02
2025-10-13,5,104.02
2025-10-13,6,104.02
2025-10-13,7,104.02
2025-10-13,8,104.02
2025-10-13,9,104.02
2025-10-13,10,104.02
2025-10-13,11,104.02
2025-10-13,12,104.02
2025-10-13,13,104.02
2025-10-13,14,104.02
2025-10-13,15,104.02
2025-10-13,16,104.02
2025-10-13,17,108.23
2025-10-13,18,111.13
2025-10-13,19,130.63
2025-10-13,20,135.63
2025-10-13,21,130.63
2025-10-13,22,130.63
2025-10-13,23,111.13
2025-10-13,24,108.9
2025-10-14,1,105.23
2025-10-14,2,105.23
2025-10-14,3,105.23
2025-10-14,4,105.23
2025-10-14,5,105.23
2025-10-14,6,109.44
2025-10-14,7,109.44
2025-10-14,8,109.44
2025-10-14,9,109.44
2025-10-14,10,109.44
2025-10-14,11,109.44
2025-10-14,12,110.12
2025-10-14,13,110.12
2025-10-14,14,112.44
2025-10-14,15,116.84
2025-10-14,16,116.84
2025-10-14,17,151.84
2025-10-14,18,151.84
2025-10-14,19,461.84
2025-10-14,20,461.84
2025-10-14,21,151.84
2025-10-14,22,151.84
2025-10-14,23,116.84
2025-10-14,24,112.44
2025-10-15,1,99.88
2025-10-15,2,99.88
2025-10-15,3,99.88
2025-10-15,4,99.88
2025-10-15,5,104.09
2025-10-15,6,104.77
2025-10-15,7,104.09
2025-10-15,8,104.77
2025-10-15,9,104.77
2025-10-15,10,104.77
2025-10-15,11,106.36
2025-10-15,12,111.49
2025-10-15,13,106.36
2025-10-15,14,146.49
2025-10-15,15,146.49
2025-10-15,16,146.49
2025-10-15,17,146.49
2025-10-15,18,186.49
2025-10-15,19,820.84
2025-10-15,20,820.84
2025-10-15,21,204.49
2025-10-15,22,146.49
2025-10-15,23,146.49
2025-10-15,24,104.77
2025-10-16,1,110.81
2025-10-16,2,110.81
2025-10-16,3,110.13
2025-10-16,4,110.13
2025-10-16,5,110.81
2025-10-16,6,111.53
2025-10-16,7,111.53
2025-10-16,8,111.53
2025-10-16,9,111.53
2025-10-16,10,111.53
2025-10-16,11,111.53
2025-10-16,12,111.53
2025-10-16,13,111.53
2025-10-16,14,111.53
2025-10-16,15,111.53
2025-10-16,16,117.53
2025-10-16,17,117.53
2025-10-16,18,462.53
2025-10-16,19,826.89
2025-10-16,20,463.53
2025-10-16,21,210.53
2025-10-16,22,111.53
2025-10-16,23,111.53
2025-10-16,24,111.53
2025-10-17,1,107.39
2025-10-17,2,107.39
2025-10-17,3,107.39
2025-10-17,4,107.39
2025-10-17,5,108.06
2025-10-17,6,108.06
2025-10-17,7,108.79
2025-10-17,8,108.79
2025-10-17,9,108.06
2025-10-17,10,108.06
2025-10-17,11,108.06
2025-10-17,12,108.79
2025-10-17,13,108.79
2025-10-17,14,108.79
2025-10-17,15,108.79
2025-10-17,16,114.79
2025-10-17,17,114.79
2025-10-17,18,236.98
2025-10-17,19,460.79
2025-10-17,20,460.79
2025-10-17,21,459.79
2025-10-17,22,110.51
2025-10-17,23,108.79
2025-10-17,24,108.79
2025-10-18,1,109.15
2025-10-18,2,108.87
2025-10-18,3,108.87
2025-10-18,4,108.87
2025-10-18,5,109.15
2025-10-18,6,109.15
2025-10-18,7,108.87
2025-10-18,8,108.87
2025-10-18,9,108.87
2025-10-18,10,108.87
2025-10-18,11,108.87
2025-10-18,12,108.87
2025-10-18,13,108.87
2025-10-18,14,108.87
2025-10-18,15,108.87
2025-10-18,16,109.15
2025-10-18,17,115.87
2025-10-18,18,190.87
2025-10-18,19,360.87
2025-10-18,20,360.87
2025-10-18,21,360.87
2025-10-18,22,360.87
2025-10-18,23,190.87
2025-10-18,24,115.87
2025-10-19,1,105.66
2025-10-19,2,105.66
2025-10-19,3,105.19
2025-10-19,4,105.19
2025-10-19,5,105.19
2025-10-19,6,105.19
2025-10-19,7,105.19
2025-10-19,8,100.78
2025-10-19,9,100.78
2025-10-19,10,100.78
2025-10-19,11,100.78
2025-10-19,12,105.19
2025-10-19,13,105.19
2025-10-19,14,105.19
2025-10-19,15,105.19
2025-10-19,16,105.19
2025-10-19,17,105.66
2025-10-19,18,147.38
2025-10-19,19,182.38
2025-10-19,20,182.38
2025-10-19,21,182.38
2025-10-19,22,182.38
2025-10-19,23,147.38
2025-10-19,24,117.38
2025-10-20,1,102.59
2025-10-20,2,102.59
2025-10-20,3,102.59
2025-10-20,4,102.59
2025-10-20,5,102.59
2025-10-20,6,105.51
2025-10-20,7,105.51
2025-10-20,8,105.51
2025-10-20,9,105.51
2025-10-20,10,105.51
2025-10-20,11,105.51
2025-10-20,12,105.51
2025-10-20,13,105.51
2025-10-20,14,105.51
2025-10-20,15,105.52
2025-10-20,16,107.47
2025-10-20,17,144.19
2025-10-20,18,144.19
2025-10-20,19,823.54
2025-10-20,20,248.19
2025-10-20,21,139.19
2025-10-20,22,111.19
2025-10-20,23,105.52
2025-10-20,24,105.51
2025-10-21,1,106.22
2025-10-21,2,106.22
2025-10-21,3,106.22
2025-10-21,4,106.22
2025-10-21,5,106.22
2025-10-21,6,106.22
2025-10-21,7,106.22
2025-10-21,8,108.17
2025-10-21,9,108.17
2025-10-21,10,106.22
2025-10-21,11,106.22
2025-10-21,12,108.17
2025-10-21,13,106.22
2025-10-21,14,108.17
2025-10-21,15,124.89
2025-10-21,16,124.89
2025-10-21,17,124.89
2025-10-21,18,144.89
2025-10-21,19,824.25
2025-10-21,20,824.25
2025-10-21,21,250.89
2025-10-21,22,124.89
2025-10-21,23,124.89
2025-10-21,24,124.89
2025-10-22,1,108.37
2025-10-22,2,108.37
2025-10-22,3,108.37
2025-10-22,4,108.37
2025-10-22,5,108.37
2025-10-22,6,112.04
2025-10-22,7,112.04
2025-10-22,8,112.04
2025-10-22,9,112.04
2025-10-22,10,110.32
2025-10-22,11,112.04
2025-10-22,12,112.44
2025-10-22,13,112.44
2025-10-22,14,112.44
2025-10-22,15,112.44
2025-10-22,16,147.04
2025-10-22,17,147.04
2025-10-22,18,152.04
2025-10-22,19,152.04
2025-10-22,20,152.04
2025-10-22,21,152.04
2025-10-22,22,152.04
2025-10-22,23,112.44
2025-10-22,24,112.44
2025-10-23,1,105.18
2025-10-23,2,105.18
2025-10-23,3,102.25
2025-10-23,4,102.25
2025-10-23,5,105.18
2025-10-23,6,105.18
2025-10-23,7,105.18
2025-10-23,8,105.18
2025-10-23,9,105.18
2025-10-23,10,105.18
2025-10-23,11,105.18
2025-10-23,12,105.18
2025-10-23,13,105.18
2025-10-23,14,105.18
2025-10-23,15,107.14
2025-10-23,16,143.86
2025-10-23,17,198.86
2025-10-23,18,198.86
2025-10-23,19,458.86
2025-10-23,20,198.86
2025-10-23,21,198.86
2025-10-23,22,118.86
2025-10-23,23,107.14
2025-10-23,24,105.18
2025-10-24,1,103.55
2025-10-24,2,103.55
2025-10-24,3,103.55
2025-10-24,4,103.55
2025-10-24,5,103.55
2025-10-24,6,104.23
2025-10-24,7,104.23
2025-10-24,8,104.23
2025-10-24,9,103.55
2025-10-24,10,103.55
2025-10-24,11,104.23
2025-10-24,12,104.23
2025-10-24,13,104.23
2025-10-24,14,105.51
2025-10-24,15,117.34
2025-10-24,16,117.34
2025-10-24,17,142.23
2025-10-24,18,205.23
2025-10-24,19,205.23
2025-10-24,20,205.23
2025-10-24,21,205.23
2025-10-24,22,117.34
2025-10-24,23,117.34
2025-10-24,24,117.34
2025-10-25,1,106.34
2025-10-25,2,106.34
2025-10-25,3,106.34
2025-10-25,4,106.34
2025-10-25,5,106.34
2025-10-25,6,106.34
2025-10-25,7,106.34
2025-10-25,8,106.34
2025-10-25,9,106.34
2025-10-25,10,106.34
2025-10-25,11,108.3
2025-10-25,12,109.13
2025-10-25,13,109.13
2025-10-25,14,109.13
2025-10-25,15,109.13
2025-10-25,16,109.13
2025-10-25,17,109.13
2025-10-25,18,118.02
2025-10-25,19,175.02
2025-10-25,20,140.02
2025-10-25,21,140.02
2025-10-25,22,118.02
2025-10-25,23,109.13
2025-10-25,24,109.13
2025-10-26,1,103.53
2025-10-26,2,103.53
2025-10-26,3,103.53
2025-10-26,4,103.53
2025-10-26,5,103.53
2025-10-26,6,103.53
2025-10-26,7,100.61
2025-10-26,8,100.61
2025-10-26,9,100.61
2025-10-26,10,100.61
2025-10-26,11,100.61
2025-10-26,12,100.61
2025-10-26,13,100.61
2025-10-26,14,100.61
2025-10-26,15,103.53
2025-10-26,16,103.53
2025-10-26,17,103.53
2025-10-26,18,103.92
2025-10-26,19,105.49
2025-10-26,20,105.49
2025-10-26,21,103.92
2025-10-26,22,103.92
2025-10-26,23,103.92
2025-10-26,24,103.53
2025-10-27,1,103.2
2025-10-27,2,103.2
2025-10-27,3,103.2
2025-10-27,4,103.2
2025-10-27,5,103.2
2025-10-27,6,103.2
2025-10-27,7,103.2
2025-10-27,8,103.2
2025-10-27,9,106.12
2025-10-27,10,106.12
2025-10-27,11,103.2
2025-10-27,12,103.2
2025-10-27,13,103.2
2025-10-27,14,103.2
2025-10-27,15,106.12
2025-10-27,16,106.12
2025-10-27,17,106.8
2025-10-27,18,108.08
2025-10-27,19,108.08
2025-10-27,20,108.08
2025-10-27,21,108.08
2025-10-27,22,106.8
2025-10-27,23,106.12
2025-10-27,24,103.2
2025-10-28,1,107.68
2025-10-28,2,107.68
2025-10-28,3,107.68
2025-10-28,4,107.68
2025-10-28,5,107.68
2025-10-28,6,110.6
2025-10-28,7,107.68
2025-10-28,8,107.68
2025-10-28,9,110.6
2025-10-28,10,107.68
2025-10-28,11,110.6
2025-10-28,12,111.28
2025-10-28,13,111.28
2025-10-28,14,112.19
2025-10-28,15,112.19
2025-10-28,16,112.19
2025-10-28,17,112.56
2025-10-28,18,112.56
2025-10-28,19,828.63
2025-10-28,20,464.28
2025-10-28,21,464.28
2025-10-28,22,112.56
2025-10-28,23,112.19
2025-10-28,24,111.28
2025-10-29,1,102.73
2025-10-29,2,102.73
2025-10-29,3,102.73
2025-10-29,4,102.73
2025-10-29,5,102.73
2025-10-29,6,102.73
2025-10-29,7,102.73
2025-10-29,8,102.73
2025-10-29,9,103.22
2025-10-29,10,103.22
2025-10-29,11,103.22
2025-10-29,12,103.22
2025-10-29,13,103.22
2025-10-29,14,103.22
2025-10-29,15,103.22
2025-10-29,16,103.22
2025-10-29,17,103.41
2025-10-29,18,104.69
2025-10-29,19,436.41
2025-10-29,20,116.41
2025-10-29,21,104.69
2025-10-29,22,103.41
2025-10-29,23,103.22
2025-10-29,24,102.73
2025-10-30,1,103.25
2025-10-30,2,103.25
2025-10-30,3,103.25
2025-10-30,4,105.24
2025-10-30,5,105.24
2025-10-30,6,105.24
2025-10-30,7,105.24
2025-10-30,8,105.24
2025-10-30,9,105.24
2025-10-30,10,105.24
2025-10-30,11,105.24
2025-10-30,12,105.24
2025-10-30,13,105.24
2025-10-30,14,105.24
2025-10-30,15,106.17
2025-10-30,16,106.18
2025-10-30,17,108.13
2025-10-30,18,108.13
2025-10-30,19,119.85
2025-10-30,20,119.85
2025-10-30,21,119.85
2025-10-30,22,106.85
2025-10-30,23,106.17
2025-10-30,24,105.24
2025-10-31,1,104.23
2025-10-31,2,104.23
2025-10-31,3,104.23
2025-10-31,4,101.77
2025-10-31,5,104.23
2025-10-31,6,104.23
2025-10-31,7,104.23
2025-10-31,8,104.23
2025-10-31,9,104.23
2025-10-31,10,104.23
2025-10-31,11,104.23
2025-10-31,12,104.23
2025-10-31,13,104.23
2025-10-31,14,104.23
2025-10-31,15,104.23
2025-10-31,16,104.69
2025-10-31,17,104.69
2025-10-31,18,104.69
2025-10-31,19,106.65
2025-10-31,20,105.37
2025-10-31,21,104.69
2025-10-31,22,104.69
2025-10-31,23,104.69
2025-10-31,24,104.23
2025-11-01,1,98.22
2025-11-01,2,98.22
2025-11-01,3,98.22
2025-11-01,4,98.22
2025-11-01,5,98.22
2025-11-01,6,98.22
2025-11-01,7,98.22
2025-11-01,8,98.22
2025-11-01,9,98.22
2025-11-01,10,98.22
2025-11-01,11,98.22
2025-11-01,12,98.22
2025-11-01,13,98.22
2025-11-01,14,98.22
2025-11-01,15,98.22
2025-11-01,16,98.22
2025-11-01,17,101.15
2025-11-01,18,106.25
2025-11-01,19,793.37
2025-11-01,20,793.37
2025-11-01,21,101.15
2025-11-01,22,101.15
2025-11-01,23,101.15
2025-11-01,24,98.22
2025-11-02,1,101.23
2025-11-02,2,100.82
2025-11-02,3,100.82
2025-11-02,4,100.82
2025-11-02,5,100.82
2025-11-02,6,100.82
2025-11-02,7,97.89
2025-11-02,8,97.89
2025-11-02,9,97.89
2025-11-02,10,97.89
2025-11-02,11,97.89
2025-11-02,12,97.89
2025-11-02,13,97.89
2025-11-02,14,100.82
2025-11-02,15,101.23
2025-11-02,16,101.23
2025-11-02,17,104.23
2025-11-02,18,104.23
2025-11-02,19,115.23
2025-11-02,20,115.23
2025-11-02,21,115.23
2025-11-02,22,115.23
2025-11-02,23,106.42
2025-11-02,24,104.23
2025-11-03,1,98.27
2025-11-03,2,98.27
2025-11-03,3,98.27
2025-11-03,4,98.27
2025-11-03,5,98.27
2025-11-03,6,98.27
2025-11-03,7,98.27
2025-11-03,8,98.27
2025-11-03,9,98.27
2025-11-03,10,98.27
2025-11-03,11,98.27
2025-11-03,12,98.27
2025-11-03,13,98.27
2025-11-03,14,100.11
2025-11-03,15,100.11
2025-11-03,16,101.2
2025-11-03,17,110.61
2025-11-03,18,115.61
2025-11-03,19,116.61
2025-11-03,20,116.61
2025-11-03,21,116.61
2025-11-03,22,116.61
2025-11-03,23,110.61
2025-11-03,24,101.2
2025-11-04,1,99.33
2025-11-04,2,99.33
2025-11-04,3,99.33
2025-11-04,4,99.33
2025-11-04,5,99.33
2025-11-04,6,101.67
2025-11-04,7,101.67
2025-11-04,8,102.26
2025-11-04,9,111.67
2025-11-04,10,111.67
2025-11-04,11,116.67
2025-11-04,12,121.67
2025-11-04,13,111.67
2025-11-04,14,116.67
2025-11-04,15,122.67
2025-11-04,16,122.67
2025-11-04,17,122.67
2025-11-04,18,122.67
2025-11-04,19,794.48
2025-11-04,20,794.48
2025-11-04,21,296.67
2025-11-04,22,122.67
2025-11-04,23,122.67
2025-11-04,24,121.67
2025-11-05,1,105.1
2025-11-05,2,105.1
2025-11-05,3,105.1
2025-11-05,4,105.1
2025-11-05,5,105.1
2025-11-05,6,113.1
2025-11-05,7,113.1
2025-11-05,8,113.1
2025-11-05,9,113.1
2025-11-05,10,107.95
2025-11-05,11,113.1
2025-11-05,12,124.1
2025-11-05,13,123.1
2025-11-05,14,113.1
2025-11-05,15,123.1
2025-11-05,16,124.1
2025-11-05,17,124.1
2025-11-05,18,124.1
2025-11-05,19,1079.18
2025-11-05,20,795.91
2025-11-05,21,288.1
2025-11-05,22,124.1
2025-11-05,23,124.1
2025-11-05,24,123.1
2025-11-06,1,121.47
2025-11-06,2,121.47
2025-11-06,3,121.47
2025-11-06,4,121.47
2025-11-06,5,121.47
2025-11-06,6,121.47
2025-11-06,7,121.47
2025-11-06,8,121.47
2025-11-06,9,121.47
2025-11-06,10,121.47
2025-11-06,11,121.47
2025-11-06,12,122.68
2025-11-06,13,122.68
2025-11-06,14,122.68
2025-11-06,15,124.68
2025-11-06,16,134.68
2025-11-06,17,134.68
2025-11-06,18,134.68
2025-11-06,19,248.31
2025-11-06,20,792.49
2025-11-06,21,254.68
2025-11-06,22,124.68
2025-11-06,23,124.68
2025-11-06,24,122.68
2025-11-07,1,133.6
2025-11-07,2,140.6
2025-11-07,3,140.6
2025-11-07,4,133.6
2025-11-07,5,140.6
2025-11-07,6,155.6
2025-11-07,7,155.6
2025-11-07,8,155.6
2025-11-07,9,155.6
2025-11-07,10,155.6
2025-11-07,11,252.6
2025-11-07,12,253.6
2025-11-07,13,252.6
2025-11-07,14,155.6
2025-11-07,15,252.6
2025-11-07,16,262.63
2025-11-07,17,262.63
2025-11-07,18,262.63
2025-11-07,19,791.41
2025-11-07,20,262.63
2025-11-07,21,262.63
2025-11-07,22,262.63
2025-11-07,23,262.63
2025-11-07,24,155.6
2025-11-08,1,135.3
2025-11-08,2,135.3
2025-11-08,3,135.3
2025-11-08,4,135.3
2025-11-08,5,143.3
2025-11-08,6,143.3
2025-11-08,7,135.3
2025-11-08,8,135.3
2025-11-08,9,134.3
2025-11-08,10,134.3
2025-11-08,11,143.3
2025-11-08,12,143.3
2025-11-08,13,155.3
2025-11-08,14,155.3
2025-11-08,15,155.3
2025-11-08,16,159.24
2025-11-08,17,159.24
2025-11-08,18,159.24
2025-11-08,19,248.93
2025-11-08,20,275.3
2025-11-08,21,159.24
2025-11-08,22,159.24
2025-11-08,23,159.24
2025-11-08,24,155.3
2025-11-09,1,142.39
2025-11-09,2,142.39
2025-11-09,3,142.39
2025-11-09,4,142.39
2025-11-09,5,142.39
2025-11-09,6,142.39
2025-11-09,7,142.39
2025-11-09,8,135.39
2025-11-09,9,135.39
2025-11-09,10,135.39
2025-11-09,11,135.39
2025-11-09,12,141.39
2025-11-09,13,142.39
2025-11-09,14,142.39
2025-11-09,15,142.39
2025-11-09,16,146.39
2025-11-09,17,151.39
2025-11-09,18,152.39
2025-11-09,19,164.39
2025-11-09,20,164.39
2025-11-09,21,164.39
2025-11-09,22,164.39
2025-11-09,23,151.39
2025-11-09,24,146.39
2025-11-10,1,149.18
2025-11-10,2,158.18
2025-11-10,3,149.18
2025-11-10,4,158.18
2025-11-10,5,174.18
2025-11-10,6,174.18
2025-11-10,7,174.18
2025-11-10,8,174.18
2025-11-10,9,174.18
2025-11-10,10,174.18
2025-11-10,11,174.18
2025-11-10,12,174.18
2025-11-10,13,174.18
2025-11-10,14,253.18
2025-11-10,15,274.18
2025-11-10,16,274.18
2025-11-10,17,274.18
2025-11-10,18,274.18
2025-11-10,19,333.18
2025-11-10,20,285.08
2025-11-10,21,791.99
2025-11-10,22,274.18
2025-11-10,23,253.18
2025-11-10,24,174.18
2025-11-11,1,181.87
2025-11-11,2,181.87
2025-11-11,3,250.87
2025-11-11,4,212.21
2025-11-11,5,212.21
2025-11-11,6,251.87
2025-11-11,7,251.87
2025-11-11,8,274.73
2025-11-11,9,274.73
2025-11-11,10,274.73
2025-11-11,11,274.73
2025-11-11,12,274.73
2025-11-11,13,274.73
2025-11-11,14,274.73
2025-11-11,15,281.87
2025-11-11,16,281.87
2025-11-11,17,282.77
2025-11-11,18,330.87
2025-11-11,19,789.68
2025-11-11,20,330.87
2025-11-11,21,330.87
2025-11-11,22,281.87
2025-11-11,23,274.73
2025-11-11,24,274.73
2025-11-12,1,251.05
2025-11-12,2,251.05
2025-11-12,3,212.39
2025-11-12,4,212.39
2025-11-12,5,273.05
2025-11-12,6,273.05
2025-11-12,7,273.05
2025-11-12,8,273.05
2025-11-12,9,273.05
2025-11-12,10,273.05
2025-11-12,11,282.05
2025-11-12,12,282.05
2025-11-12,13,282.05
2025-11-12,14,282.05
2025-11-12,15,282.05
2025-11-12,16,295.05
2025-11-12,17,295.05
2025-11-12,18,402.05
2025-11-12,19,789.86
2025-11-12,20,402.05
2025-11-12,21,295.05
2025-11-12,22,295.05
2025-11-12,23,282.05
2025-11-12,24,282.05
2025-11-13,1,181.31
2025-11-13,2,181.31
2025-11-13,3,181.31
2025-11-13,4,181.31
2025-11-13,5,181.31
2025-11-13,6,281.31
2025-11-13,7,181.31
2025-11-13,8,265.21
2025-11-13,9,265.21
2025-11-13,10,181.31
2025-11-13,11,281.31
2025-11-13,12,281.31
2025-11-13,13,281.31
2025-11-13,14,281.31
2025-11-13,15,286.31
2025-11-13,16,315.51
2025-11-13,17,315.51
2025-11-13,18,315.51
2025-11-13,19,739.59
2025-11-13,20,739.59
2025-11-13,21,315.51
2025-11-13,22,315.51
2025-11-13,23,286.31
2025-11-13,24,281.31
2025-11-14,1,278.98
2025-11-14,2,266.19
2025-11-14,3,220.32
2025-11-14,4,180.98
2025-11-14,5,220.32
2025-11-14,6,282.48
2025-11-14,7,282.48
2025-11-14,8,282.48
2025-11-14,9,282.48
2025-11-14,10,282.48
2025-11-14,11,282.48
2025-11-14,12,282.48
2025-11-14,13,282.48
2025-11-14,14,282.48
2025-11-14,15,288.98
2025-11-14,16,315.58
2025-11-14,17,315.58
2025-11-14,18,315.58
2025-11-14,19,609.98
2025-11-14,20,315.58
2025-11-14,21,315.58
2025-11-14,22,315.58
2025-11-14,23,288.98
2025-11-14,24,285.98
2025-11-15,1,181.5
2025-11-15,2,181.5
2025-11-15,3,181.5
2025-11-15,4,181.5
2025-11-15,5,181.5
2025-11-15,6,214.4
2025-11-15,7,181.5
2025-11-15,8,181.5
2025-11-15,9,214.4
2025-11-15,10,259.5
2025-11-15,11,270.5
2025-11-15,12,270.5
2025-11-15,13,270.5
2025-11-15,14,271.0
2025-11-15,15,281.9
2025-11-15,16,271.0
2025-11-15,17,281.9
2025-11-15,18,281.9
2025-11-15,19,299.5
2025-11-15,20,281.9
2025-11-15,21,281.9
2025-11-15,22,281.9
2025-11-15,23,271.0
2025-11-15,24,270.5
2025-11-16,1,112.18
2025-11-16,2,183.5
2025-11-16,3,183.5
2025-11-16,4,183.5
2025-11-16,5,183.5
2025-11-16,6,183.5
2025-11-16,7,108.08
2025-11-16,8,108.08
2025-11-16,9,108.08
2025-11-16,10,108.08
2025-11-16,11,183.5
2025-11-16,12,108.08
2025-11-16,13,183.5
2025-11-16,14,183.5
2025-11-16,15,183.5
2025-11-16,16,222.5
2025-11-16,17,222.5
2025-11-16,18,223.7
2025-11-16,19,227.5
2025-11-16,20,227.5
2025-11-16,21,223.7
2025-11-16,22,223.7
2025-11-16,23,223.7
2025-11-16,24,222.5
2025-11-17,1,154.35
2025-11-17,2,154.35
2025-11-17,3,154.35
2025-11-17,4,154.35
2025-11-17,5,154.35
2025-11-17,6,175.35
2025-11-17,7,105.05
2025-11-17,8,99.94
2025-11-17,9,99.94
2025-11-17,10,99.94
2025-11-17,11,154.35
2025-11-17,12,175.35
2025-11-17,13,175.35
2025-11-17,14,175.35
2025-11-17,15,175.35
2025-11-17,16,209.75
2025-11-17,17,209.75
2025-11-17,18,226.35
2025-11-17,19,319.35
2025-11-17,20,374.35
2025-11-17,21,319.35
2025-11-17,22,226.35
2025-11-17,23,209.75
2025-11-17,24,209.75
2025-11-18,1,103.23
2025-11-18,2,103.23
2025-11-18,3,103.23
2025-11-18,4,103.23
2025-11-18,5,103.23
2025-11-18,6,103.23
2025-11-18,7,103.23
2025-11-18,8,106.16
2025-11-18,9,106.16
2025-11-18,10,106.16
2025-11-18,11,106.16
2025-11-18,12,106.16
2025-11-18,13,106.16
2025-11-18,14,109.04
2025-11-18,15,200.57
2025-11-18,16,259.57
2025-11-18,17,380.57
2025-11-18,18,380.57
2025-11-18,19,798.38
2025-11-18,20,798.38
2025-11-18,21,627.05
2025-11-18,22,259.57
2025-11-18,23,214.47
2025-11-18,24,106.16
2025-11-19,1,188.57
2025-11-19,2,188.57
2025-11-19,3,188.57
2025-11-19,4,188.57
2025-11-19,5,192.57
2025-11-19,6,248.77
2025-11-19,7,248.77
2025-11-19,8,248.77
2025-11-19,9,248.77
2025-11-19,10,152.57
2025-11-19,11,248.77
2025-11-19,12,248.77
2025-11-19,13,248.77
2025-11-19,14,248.77
2025-11-19,15,248.77
2025-11-19,16,791.37
2025-11-19,17,791.37
2025-11-19,18,519.47
2025-11-19,19,791.37
2025-11-19,20,619.53
2025-11-19,21,619.53
2025-11-19,22,248.77
2025-11-19,23,248.77
2025-11-19,24,248.77
2025-11-20,1,106.77
2025-11-20,2,106.77
2025-11-20,3,106.77
2025-11-20,4,106.77
2025-11-20,5,106.77
2025-11-20,6,106.77
2025-11-20,7,106.77
2025-11-20,8,106.77
2025-11-20,9,106.77
2025-11-20,10,106.77
2025-11-20,11,106.77
2025-11-20,12,110.16
2025-11-20,13,110.16
2025-11-20,14,131.19
2025-11-20,15,170.19
2025-11-20,16,215.09
2025-11-20,17,215.09
2025-11-20,18,260.19
2025-11-20,19,799.0
2025-11-20,20,799.0
2025-11-20,21,740.54
2025-11-20,22,260.19
2025-11-20,23,170.19
2025-11-20,24,131.19
2025-11-21,1,104.71
2025-11-21,2,104.71
2025-11-21,3,104.71
2025-11-21,4,104.71
2025-11-21,5,108.52
2025-11-21,6,129.13
2025-11-21,7,178.13
2025-11-21,8,178.13
2025-11-21,9,129.13
2025-11-21,10,108.52
2025-11-21,11,258.13
2025-11-21,12,259.13
2025-11-21,13,258.13
2025-11-21,14,259.13
2025-11-21,15,259.13
2025-11-21,16,259.13
2025-11-21,17,259.13
2025-11-21,18,259.13
2025-11-21,19,796.93
2025-11-21,20,796.93
2025-11-21,21,796.93
2025-11-21,22,259.13
2025-11-21,23,259.13
2025-11-21,24,259.13
2025-11-22,1,257.77
2025-11-22,2,139.77
2025-11-22,3,139.77
2025-11-22,4,177.77
2025-11-22,5,177.77
2025-11-22,6,212.67
2025-11-22,7,139.77
2025-11-22,8,138.77
2025-11-22,9,138.77
2025-11-22,10,138.77
2025-11-22,11,138.77
2025-11-22,12,138.77
2025-11-22,13,138.77
2025-11-22,14,139.77
2025-11-22,15,139.77
2025-11-22,16,257.77
2025-11-22,17,258.77
2025-11-22,18,258.77
2025-11-22,19,312.85
2025-11-22,20,319.47
2025-11-22,21,258.77
2025-11-22,22,258.77
2025-11-22,23,258.77
2025-11-22,24,258.77
2025-11-23,1,166.12
2025-11-23,2,166.12
2025-11-23,3,166.12
2025-11-23,4,166.12
2025-11-23,5,166.12
2025-11-23,6,166.12
2025-11-23,7,166.12
2025-11-23,8,141.12
2025-11-23,9,141.12
2025-11-23,10,141.12
2025-11-23,11,141.12
2025-11-23,12,166.12
2025-11-23,13,166.12
2025-11-23,14,166.12
2025-11-23,15,166.12
2025-11-23,16,166.12
2025-11-23,17,210.02
2025-11-23,18,247.12
2025-11-23,19,255.12
2025-11-23,20,255.62
2025-11-23,21,255.12
2025-11-23,22,247.12
2025-11-23,23,247.12
2025-11-23,24,247.12
2025-11-24,1,126.01
2025-11-24,2,126.01
2025-11-24,3,126.01
2025-11-24,4,126.01
2025-11-24,5,126.01
2025-11-24,6,142.01
2025-11-24,7,168.01
2025-11-24,8,172.01
2025-11-24,9,172.01
2025-11-24,10,172.01
2025-11-24,11,172.01
2025-11-24,12,224.01
2025-11-24,13,224.01
2025-11-24,14,224.01
2025-11-24,15,224.01
2025-11-24,16,224.01
2025-11-24,17,250.28
2025-11-24,18,224.01
2025-11-24,19,288.46
2025-11-24,20,836.01
2025-11-24,21,522.91
2025-11-24,22,224.01
2025-11-24,23,224.01
2025-11-24,24,224.01
2025-11-25,1,146.27
2025-11-25,2,143.27
2025-11-25,3,143.27
2025-11-25,4,143.27
2025-11-25,5,146.27
2025-11-25,6,146.27
2025-11-25,7,146.27
2025-11-25,8,143.27
2025-11-25,9,143.27
2025-11-25,10,143.27
2025-11-25,11,146.27
2025-11-25,12,146.27
2025-11-25,13,146.27
2025-11-25,14,146.27
2025-11-25,15,146.27
2025-11-25,16,146.27
2025-11-25,17,172.27
2025-11-25,18,172.27
2025-11-25,19,795.08
2025-11-25,20,523.17
2025-11-25,21,172.27
2025-11-25,22,172.27
2025-11-25,23,172.27
2025-11-25,24,168.27
2025-11-26,1,103.56
2025-11-26,2,147.56
2025-11-26,3,147.56
2025-11-26,4,147.56
2025-11-26,5,147.56
2025-11-26,6,166.56
2025-11-26,7,166.56
2025-11-26,8,166.56
2025-11-26,9,166.56
2025-11-26,10,166.56
2025-11-26,11,166.56
2025-11-26,12,170.56
2025-11-26,13,170.56
2025-11-26,14,170.56
2025-11-26,15,170.56
2025-11-26,16,197.56
2025-11-26,17,367.86
2025-11-26,18,281.46
2025-11-26,19,795.36
2025-11-26,20,795.36
2025-11-26,21,630.75
2025-11-26,22,197.56
2025-11-26,23,170.56
2025-11-26,24,170.56
2025-11-27,1,182.83
2025-11-27,2,182.83
2025-11-27,3,182.83
2025-11-27,4,182.83
2025-11-27,5,182.83
2025-11-27,6,182.83
2025-11-27,7,182.83
2025-11-27,8,182.83
2025-11-27,9,200.93
2025-11-27,10,200.93
2025-11-27,11,205.93
2025-11-27,12,210.93
2025-11-27,13,210.93
2025-11-27,14,210.93
2025-11-27,15,210.93
2025-11-27,16,210.93
2025-11-27,17,210.93
2025-11-27,18,270.83
2025-11-27,19,258.83
2025-11-27,20,723.48
2025-11-27,21,210.93
2025-11-27,22,210.93
2025-11-27,23,210.93
2025-11-27,24,205.93
2025-11-28,1,248.87
2025-11-28,2,248.87
2025-11-28,3,248.87
2025-11-28,4,248.87
2025-11-28,5,248.87
2025-11-28,6,248.87
2025-11-28,7,248.87
2025-11-28,8,248.87
2025-11-28,9,248.87
2025-11-28,10,248.87
2025-11-28,11,268.87
2025-11-28,12,268.87
2025-11-28,13,268.87
2025-11-28,14,268.87
2025-11-28,15,268.87
2025-11-28,16,268.87
2025-11-28,17,268.87
2025-11-28,18,268.87
2025-11-28,19,268.87
2025-11-28,20,268.87
2025-11-28,21,268.87
2025-11-28,22,268.87
2025-11-28,23,248.87
2025-11-28,24,248.87
2025-11-29,1,238.86
2025-11-29,2,238.86
2025-11-29,3,238.86
2025-11-29,4,238.86
2025-11-29,5,238.86
2025-11-29,6,238.86
2025-11-29,7,238.86
2025-11-29,8,238.86
2025-11-29,9,238.86
2025-11-29,10,238.86
2025-11-29,11,238.86
2025-11-29,12,238.86
2025-11-29,13,238.86
2025-11-29,14,238.86
2025-11-29,15,238.86
2025-11-29,16,238.86
2025-11-29,17,256.86
2025-11-29,18,256.86
2025-11-29,19,287.86
2025-11-29,20,287.86
2025-11-29,21,287.86
2025-11-29,22,256.86
2025-11-29,23,238.86
2025-11-29,24,238.86
2025-11-30,1,258.47
2025-11-30,2,236.47
2025-11-30,3,236.47
2025-11-30,4,236.47
2025-11-30,5,236.47
2025-11-30,6,236.47
2025-11-30,7,236.47
2025-11-30,8,236.47
2025-11-30,9,236.47
2025-11-30,10,236.47
2025-11-30,11,236.47
2025-11-30,12,236.47
2025-11-30,13,236.47
2025-11-30,14,236.47
2025-11-30,15,236.47
2025-11-30,16,289.47
2025-11-30,17,289.47
2025-11-30,18,294.47
2025-11-30,19,294.47
2025-11-30,20,294.47
2025-11-30,21,294.47
2025-11-30,22,294.47
2025-11-30,23,294.47
2025-11-30,24,294.47
2025-12-01,1,274.79
2025-12-01,2,274.79
2025-12-01,3,274.79
2025-12-01,4,274.79
2025-12-01,5,274.79
2025-12-01,6,274.79
2025-12-01,7,294.79
2025-12-01,8,294.79
2025-12-01,9,294.79
2025-12-01,10,294.79
2025-12-01,11,294.79
2025-12-01,12,297.79
2025-12-01,13,294.79
2025-12-01,14,297.79
2025-12-01,15,297.79
2025-12-01,16,297.79
2025-12-01,17,304.79
2025-12-01,18,304.79
2025-12-01,19,304.79
2025-12-01,20,304.79
2025-12-01,21,304.79
2025-12-01,22,304.79
2025-12-01,23,297.79
2025-12-01,24,297.79
2025-12-02,1,118.48
2025-12-02,2,112.04
2025-12-02,3,112.04
2025-12-02,4,112.04
2025-12-02,5,118.34
2025-12-02,6,118.48
2025-12-02,7,164.93
2025-12-02,8,286.48
2025-12-02,9,297.34
2025-12-02,10,297.34
2025-12-02,11,297.34
2025-12-02,12,297.34
2025-12-02,13,297.34
2025-12-02,14,297.34
2025-12-02,15,303.48
2025-12-02,16,322.48
2025-12-02,17,327.48
2025-12-02,18,327.48
2025-12-02,19,327.48
2025-12-02,20,327.48
2025-12-02,21,322.48
2025-12-02,22,317.48
2025-12-02,23,302.48
2025-12-02,24,297.34
2025-12-03,1,116.78
2025-12-03,2,116.78
2025-12-03,3,114.81
2025-12-03,4,116.78
2025-12-03,5,117.36
2025-12-03,6,216.35
2025-12-03,7,216.35
2025-12-03,8,216.35
2025-12-03,9,117.36
2025-12-03,10,117.36
2025-12-03,11,216.35
2025-12-03,12,287.58
2025-12-03,13,287.58
2025-12-03,14,287.58
2025-12-03,15,287.58
2025-12-03,16,287.58
2025-12-03,17,327.35
2025-12-03,18,304.35
2025-12-03,19,304.35
2025-12-03,20,366.35
2025-12-03,21,304.35
2025-12-03,22,304.35
2025-12-03,23,287.58
2025-12-03,24,216.35
2025-12-04,1,112.3
2025-12-04,2,112.3
2025-12-04,3,112.3
2025-12-04,4,112.3
2025-12-04,5,112.3
2025-12-04,6,251.29
2025-12-04,7,270.42
2025-12-04,8,251.29
2025-12-04,9,251.29
2025-12-04,10,112.3
2025-12-04,11,251.29
2025-12-04,12,251.29
2025-12-04,13,270.42
2025-12-04,14,270.42
2025-12-04,15,270.42
2025-12-04,16,275.29
2025-12-04,17,299.29
2025-12-04,18,275.29
2025-12-04,19,341.29
2025-12-04,20,299.29
2025-12-04,21,299.29
2025-12-04,22,270.42
2025-12-04,23,270.42
2025-12-04,24,251.29
2025-12-05,1,110.21
2025-12-05,2,110.21
2025-12-05,3,110.21
2025-12-05,4,110.21
2025-12-05,5,116.66
2025-12-05,6,116.66
2025-12-05,7,116.66
2025-12-05,8,116.66
2025-12-05,9,116.66
2025-12-05,10,114.11
2025-12-05,11,116.6
2025-12-05,12,116.6
2025-12-05,13,114.11
2025-12-05,14,116.66
2025-12-05,15,275.65
2025-12-05,16,275.65
2025-12-05,17,303.65
2025-12-05,18,303.65
2025-12-05,19,465.65
2025-12-05,20,303.65
2025-12-05,21,303.65
2025-12-05,22,303.65
2025-12-05,23,275.65
2025-12-05,24,116.66
2025-12-06,1,125.41
2025-12-06,2,125.41
2025-12-06,3,114.97
2025-12-06,4,125.41
2025-12-06,5,125.41
2025-12-06,6,125.41
2025-12-06,7,125.41
2025-12-06,8,125.41
2025-12-06,9,114.97
2025-12-06,10,114.97
2025-12-06,11,114.97
2025-12-06,12,118.87
2025-12-06,13,118.87
2025-12-06,14,118.87
2025-12-06,15,125.41
2025-12-06,16,125.41
2025-12-06,17,234.66
2025-12-06,18,260.41
2025-12-06,19,260.41
2025-12-06,20,260.41
2025-12-06,21,260.41
2025-12-06,22,260.41
2025-12-06,23,240.41
2025-12-06,24,234.66
2025-12-07,1,226.71
2025-12-07,2,226.71
2025-12-07,3,114.65
2025-12-07,4,110.75
2025-12-07,5,110.75
2025-12-07,6,110.75
2025-12-07,7,110.75
2025-12-07,8,110.75
2025-12-07,9,110.75
2025-12-07,10,110.75
2025-12-07,11,110.75
2025-12-07,12,110.75
2025-12-07,13,110.75
2025-12-07,14,110.75
2025-12-07,15,110.75
2025-12-07,16,215.19
2025-12-07,17,226.71
2025-12-07,18,226.71
2025-12-07,19,236.19
2025-12-07,20,236.19
2025-12-07,21,226.71
2025-12-07,22,226.71
2025-12-07,23,226.71
2025-12-07,24,226.71
2025-12-08,1,110.72
2025-12-08,2,108.18
2025-12-08,3,108.18
2025-12-08,4,110.72
2025-12-08,5,110.72
2025-12-08,6,110.72
2025-12-08,7,108.18
2025-12-08,8,108.18
2025-12-08,9,108.18
2025-12-08,10,108.18
2025-12-08,11,108.18
2025-12-08,12,108.18
2025-12-08,13,110.72
2025-12-08,14,110.72
2025-12-08,15,113.07
2025-12-08,16,114.71
2025-12-08,17,200.24
2025-12-08,18,200.24
2025-12-08,19,203.71
2025-12-08,20,203.71
2025-12-08,21,200.24
2025-12-08,22,200.24
2025-12-08,23,200.24
2025-12-08,24,114.71
2025-12-09,1,116.67
2025-12-09,2,116.67
2025-12-09,3,116.67
2025-12-09,4,116.67
2025-12-09,5,116.67
2025-12-09,6,205.67
2025-12-09,7,219.19
2025-12-09,8,219.19
2025-12-09,9,219.19
2025-12-09,10,219.19
2025-12-09,11,219.19
2025-12-09,12,219.19
2025-12-09,13,219.19
2025-12-09,14,223.07
2025-12-09,15,273.67
2025-12-09,16,273.67
2025-12-09,17,273.67
2025-12-09,18,273.67
2025-12-09,19,313.67
2025-12-09,20,313.67
2025-12-09,21,273.67
2025-12-09,22,273.67
2025-12-09,23,243.67
2025-12-09,24,219.19
2025-12-10,1,110.39
2025-12-10,2,110.39
2025-12-10,3,110.39
2025-12-10,4,110.39
2025-12-10,5,110.39
2025-12-10,6,110.39
2025-12-10,7,117.11
2025-12-10,8,205.83
2025-12-10,9,205.83
2025-12-10,10,116.83
2025-12-10,11,205.83
2025-12-10,12,205.83
2025-12-10,13,205.83
2025-12-10,14,205.83
2025-12-10,15,205.83
2025-12-10,16,275.83
2025-12-10,17,285.73
2025-12-10,18,305.83
2025-12-10,19,315.83
2025-12-10,20,315.83
2025-12-10,21,305.83
2025-12-10,22,285.73
2025-12-10,23,205.83
2025-12-10,24,205.83
2025-12-11,1,116.21
2025-12-11,2,116.21
2025-12-11,3,116.21
2025-12-11,4,116.21
2025-12-11,5,116.21
2025-12-11,6,244.21
2025-12-11,7,244.21
2025-12-11,8,244.21
2025-12-11,9,244.21
2025-12-11,10,244.21
2025-12-11,11,244.21
2025-12-11,12,244.21
2025-12-11,13,244.21
2025-12-11,14,244.21
2025-12-11,15,244.21
2025-12-11,16,274.21
2025-12-11,17,304.21
2025-12-11,18,313.21
2025-12-11,19,314.21
2025-12-11,20,313.21
2025-12-11,21,313.21
2025-12-11,22,304.21
2025-12-11,23,244.21
2025-12-11,24,244.21
2025-12-12,1,237.87
2025-12-12,2,227.87
2025-12-12,3,227.87
2025-12-12,4,227.87
2025-12-12,5,237.87
2025-12-12,6,237.87
2025-12-12,7,237.87
2025-12-12,8,237.87
2025-12-12,9,237.87
2025-12-12,10,237.87
2025-12-12,11,237.87
2025-12-12,12,237.87
2025-12-12,13,237.87
2025-12-12,14,237.87
2025-12-12,15,253.87
2025-12-12,16,253.87
2025-12-12,17,253.87
2025-12-12,18,267.87
2025-12-12,19,356.87
2025-12-12,20,356.87
2025-12-12,21,267.87
2025-12-12,22,253.87
2025-12-12,23,253.87
2025-12-12,24,237.87
2025-12-13,1,243.66
2025-12-13,2,243.66
2025-12-13,3,243.66
2025-12-13,4,243.66
2025-12-13,5,243.66
2025-12-13,6,243.66
2025-12-13,7,243.66
2025-12-13,8,243.77
2025-12-13,9,243.66
2025-12-13,10,243.66
2025-12-13,11,243.66
2025-12-13,12,243.77
2025-12-13,13,243.77
2025-12-13,14,243.77
2025-12-13,15,243.77
2025-12-13,16,243.77
2025-12-13,17,243.77
2025-12-13,18,248.77
2025-12-13,19,273.77
2025-12-13,20,273.77
2025-12-13,21,248.77
2025-12-13,22,243.77
2025-12-13,23,243.77
2025-12-13,24,243.77
2025-12-14,1,255.1
2025-12-14,2,255.1
2025-12-14,3,250.1
2025-12-14,4,250.1
2025-12-14,5,255.1
2025-12-14,6,255.1
2025-12-14,7,118.04
2025-12-14,8,116.11
2025-12-14,9,116.11
2025-12-14,10,116.11
2025-12-14,11,116.11
2025-12-14,12,250.1
2025-12-14,13,250.1
2025-12-14,14,250.1
2025-12-14,15,255.1
2025-12-14,16,255.1
2025-12-14,17,255.1
2025-12-14,18,280.1
2025-12-14,19,306.1
2025-12-14,20,306.1
2025-12-14,21,306.1
2025-12-14,22,306.1
2025-12-14,23,280.1
2025-12-14,24,275.1
2025-12-15,1,272.16
2025-12-15,2,253.64
2025-12-15,3,246.64
2025-12-15,4,253.64
2025-12-15,5,253.64
2025-12-15,6,272.16
2025-12-15,7,272.16
2025-12-15,8,272.16
2025-12-15,9,272.16
2025-12-15,10,272.16
2025-12-15,11,272.16
2025-12-15,12,311.64
2025-12-15,13,272.16
2025-12-15,14,322.64
2025-12-15,15,322.64
2025-12-15,16,322.64
2025-12-15,17,322.64
2025-12-15,18,327.64
2025-12-15,19,332.64
2025-12-15,20,327.64
2025-12-15,21,327.64
2025-12-15,22,327.64
2025-12-15,23,322.64
2025-12-15,24,311.64
2025-12-16,1,277.08
2025-12-16,2,311.08
2025-12-16,3,311.08
2025-12-16,4,311.08
2025-12-16,5,311.08
2025-12-16,6,327.08
2025-12-16,7,327.08
2025-12-16,8,330.08
2025-12-16,9,327.08
2025-12-16,10,327.08
2025-12-16,11,327.08
2025-12-16,12,330.08
2025-12-16,13,330.08
2025-12-16,14,330.08
2025-12-16,15,332.08
2025-12-16,16,332.08
2025-12-16,17,332.08
2025-12-16,18,336.58
2025-12-16,19,337.08
2025-12-16,20,337.08
2025-12-16,21,332.08
2025-12-16,22,332.08
2025-12-16,23,332.08
2025-12-16,24,330.08
2025-12-17,1,341.15
2025-12-17,2,341.15
2025-12-17,3,340.82
2025-12-17,4,340.82
2025-12-17,5,340.82
2025-12-17,6,340.82
2025-12-17,7,341.15
2025-12-17,8,341.15
2025-12-17,9,341.15
2025-12-17,10,341.15
2025-12-17,11,341.15
2025-12-17,12,341.15
2025-12-17,13,341.15
2025-12-17,14,341.15
2025-12-17,15,355.82
2025-12-17,16,355.82
2025-12-17,17,355.82
2025-12-17,18,355.82
2025-12-17,19,355.82
2025-12-17,20,355.82
2025-12-17,21,355.82
2025-12-17,22,355.82
2025-12-17,23,355.82
2025-12-17,24,341.15
2025-12-18,1,349.4
2025-12-18,2,349.4
2025-12-18,3,349.4
2025-12-18,4,349.4
2025-12-18,5,349.4
2025-12-18,6,349.4
2025-12-18,7,349.4
2025-12-18,8,349.4
2025-12-18,9,349.4
2025-12-18,10,349.4
2025-12-18,11,349.4
2025-12-18,12,390.89
2025-12-18,13,349.4
2025-12-18,14,390.89
2025-12-18,15,390.89
2025-12-18,16,416.89
2025-12-18,17,416.89
2025-12-18,18,416.89
2025-12-18,19,431.89
2025-12-18,20,416.89
2025-12-18,21,416.89
2025-12-18,22,416.89
2025-12-18,23,416.89
2025-12-18,24,390.89
2025-12-19,1,379.85
2025-12-19,2,379.85
2025-12-19,3,344.85
2025-12-19,4,344.85
2025-12-19,5,344.85
2025-12-19,6,379.85
2025-12-19,7,344.85
2025-12-19,8,379.85
2025-12-19,9,344.85
2025-12-19,10,344.85
2025-12-19,11,344.85
2025-12-19,12,379.85
2025-12-19,13,379.85
2025-12-19,14,379.85
2025-12-19,15,409.96
2025-12-19,16,409.96
2025-12-19,17,421.85
2025-12-19,18,421.85
2025-12-19,19,421.85
2025-12-19,20,421.85
2025-12-19,21,421.85
2025-12-19,22,421.85
2025-12-19,23,409.96
2025-12-19,24,409.96
2025-12-20,1,381.25
2025-12-20,2,381.25
2025-12-20,3,381.25
2025-12-20,4,381.25
2025-12-20,5,381.25
2025-12-20,6,381.25
2025-12-20,7,381.25
2025-12-20,8,381.25
2025-12-20,9,381.25
2025-12-20,10,381.25
2025-12-20,11,381.25
2025-12-20,12,381.25
2025-12-20,13,381.25
2025-12-20,14,381.25
2025-12-20,15,381.25
2025-12-20,16,381.25
2025-12-20,17,416.14
2025-12-20,18,419.14
2025-12-20,19,419.14
2025-12-20,20,419.14
2025-12-20,21,419.14
2025-12-20,22,419.14
2025-12-20,23,419.14
2025-12-20,24,416.14
2025-12-21,1,424.11
2025-12-21,2,424.11
2025-12-21,3,424.11
2025-12-21,4,411.11
2025-12-21,5,411.11
2025-12-21,6,411.11
2025-12-21,7,411.11
2025-12-21,8,411.11
2025-12-21,9,267.37
2025-12-21,10,256.73
2025-12-21,11,267.37
2025-12-21,12,411.11
2025-12-21,13,411.11
2025-12-21,14,411.11
2025-12-21,15,411.11
2025-12-21,16,418.11
2025-12-21,17,424.11
2025-12-21,18,434.11
2025-12-21,19,434.11
2025-12-21,20,434.11
2025-12-21,21,434.11
2025-12-21,22,434.11
2025-12-21,23,434.11
2025-12-21,24,434.11
2025-12-22,1,435.11
2025-12-22,2,435.11
2025-12-22,3,435.11
2025-12-22,4,435.11
2025-12-22,5,435.11
2025-12-22,6,435.11
2025-12-22,7,435.11
2025-12-22,8,435.11
2025-12-22,9,435.11
2025-12-22,10,435.11
2025-12-22,11,435.11
2025-12-22,12,439.11
2025-12-22,13,435.11
2025-12-22,14,439.11
2025-12-22,15,439.11
2025-12-22,16,440.22
2025-12-22,17,440.22
2025-12-22,18,444.11
2025-12-22,19,444.11
2025-12-22,20,444.11
2025-12-22,21,444.11
2025-12-22,22,444.11
2025-12-22,23,440.22
2025-12-22,24,440.22
2025-12-23,1,435.04
2025-12-23,2,433.33
2025-12-23,3,433.33
2025-12-23,4,433.33
2025-12-23,5,433.33
2025-12-23,6,433.33
2025-12-23,7,435.04
2025-12-23,8,435.04
2025-12-23,9,433.33
2025-12-23,10,433.33
2025-12-23,11,433.33
2025-12-23,12,435.04
2025-12-23,13,435.04
2025-12-23,14,435.04
2025-12-23,15,435.04
2025-12-23,16,435.04
2025-12-23,17,438.83
2025-12-23,18,438.83
2025-12-23,19,438.83
2025-12-23,20,438.83
2025-12-23,21,438.83
2025-12-23,22,438.83
2025-12-23,23,438.83
2025-12-23,24,438.33
2025-12-24,1,248.7
2025-12-24,2,248.7
2025-12-24,3,248.7
2025-12-24,4,248.7
2025-12-24,5,248.7
2025-12-24,6,248.7
2025-12-24,7,248.7
2025-12-24,8,248.7
2025-12-24,9,241.6
2025-12-24,10,241.6
2025-12-24,11,241.6
2025-12-24,12,248.7
2025-12-24,13,248.7
2025-12-24,14,248.7
2025-12-24,15,248.7
2025-12-24,16,248.7
2025-12-24,17,248.7
2025-12-24,18,388.7
2025-12-24,19,388.7
2025-12-24,20,388.7
2025-12-24,21,388.7
2025-12-24,22,256.32
2025-12-24,23,248.7
2025-12-24,24,248.7
2025-12-25,1,190.87
2025-12-25,2,200.87
2025-12-25,3,210.87
2025-12-25,4,210.87
2025-12-25,5,210.87
2025-12-25,6,200.87
2025-12-25,7,190.87
2025-12-25,8,121.87
2025-12-25,9,115.43
2025-12-25,10,115.43
2025-12-25,11,115.43
2025-12-25,12,115.43
2025-12-25,13,121.87
2025-12-25,14,190.87
2025-12-25,15,190.87
2025-12-25,16,190.87
2025-12-25,17,210.87
2025-12-25,18,253.87
2025-12-25,19,340.87
2025-12-25,20,340.87
2025-12-25,21,340.87
2025-12-25,22,257.77
2025-12-25,23,253.87
2025-12-25,24,210.87
2025-12-26,1,186.35
2025-12-26,2,186.35
2025-12-26,3,186.35
2025-12-26,4,186.35
2025-12-26,5,186.35
2025-12-26,6,186.35
2025-12-26,7,254.25
2025-12-26,8,186.35
2025-12-26,9,111.92
2025-12-26,10,186.35
2025-12-26,11,186.35
2025-12-26,12,186.35
2025-12-26,13,186.35
2025-12-26,14,254.25
2025-12-26,15,275.62
2025-12-26,16,297.35
2025-12-26,17,347.35
2025-12-26,18,362.35
2025-12-26,19,362.35
2025-12-26,20,362.35
2025-12-26,21,362.35
2025-12-26,22,362.35
2025-12-26,23,347.35
2025-12-26,24,297.35
2025-12-27,1,266.28
2025-12-27,2,261.28
2025-12-27,3,261.28
2025-12-27,4,261.28
2025-12-27,5,261.28
2025-12-27,6,266.28
2025-12-27,7,117.29
2025-12-27,8,117.81
2025-12-27,9,117.29
2025-12-27,10,114.74
2025-12-27,11,117.29
2025-12-27,12,261.28
2025-12-27,13,261.28
2025-12-27,14,253.18
2025-12-27,15,266.28
2025-12-27,16,266.28
2025-12-27,17,291.28
2025-12-27,18,341.28
2025-12-27,19,406.28
2025-12-27,20,406.28
2025-12-27,21,346.28
2025-12-27,22,341.28
2025-12-27,23,341.28
2025-12-27,24,341.28
2025-12-28,1,287.77
2025-12-28,2,287.77
2025-12-28,3,287.77
2025-12-28,4,287.77
2025-12-28,5,287.77
2025-12-28,6,287.77
2025-12-28,7,287.77
2025-12-28,8,252.77
2025-12-28,9,252.77
2025-12-28,10,233.02
2025-12-28,11,240.67
2025-12-28,12,244.67
2025-12-28,13,252.77
2025-12-28,14,252.77
2025-12-28,15,266.03
2025-12-28,16,287.77
2025-12-28,17,287.77
2025-12-28,18,332.77
2025-12-28,19,337.77
2025-12-28,20,337.77
2025-12-28,21,337.77
2025-12-28,22,332.77
2025-12-28,23,332.77
2025-12-28,24,332.77
2025-12-29,1,307.76
2025-12-29,2,307.76
2025-12-29,3,307.76
2025-12-29,4,307.76
2025-12-29,5,307.76
2025-12-29,6,307.76
2025-12-29,7,307.76
2025-12-29,8,307.76
2025-12-29,9,307.76
2025-12-29,10,271.05
2025-12-29,11,307.76
2025-12-29,12,307.76
2025-12-29,13,307.76
2025-12-29,14,307.76
2025-12-29,15,307.76
2025-12-29,16,331.76
2025-12-29,17,331.76
2025-12-29,18,357.76
2025-12-29,19,357.76
2025-12-29,20,357.76
2025-12-29,21,357.76
2025-12-29,22,357.76
2025-12-29,23,357.76
2025-12-29,24,331.76
2025-12-30,1,307.72
2025-12-30,2,281.71
2025-12-30,3,281.71
2025-12-30,4,281.71
2025-12-30,5,281.71
2025-12-30,6,281.71
2025-12-30,7,307.72
2025-12-30,8,281.71
2025-12-30,9,281.71
2025-12-30,10,281.71
2025-12-30,11,281.71
2025-12-30,12,281.71
2025-12-30,13,281.71
2025-12-30,14,281.71
2025-12-30,15,307.72
2025-12-30,16,307.72
2025-12-30,17,307.72
2025-12-30,18,326.71
2025-12-30,19,327.71
2025-12-30,20,327.71
2025-12-30,21,327.71
2025-12-30,22,327.71
2025-12-30,23,326.71
2025-12-30,24,307.72
2025-12-31,1,271.31
2025-12-31,2,271.31
2025-12-31,3,271.31
2025-12-31,4,271.31
2025-12-31,5,271.31
2025-12-31,6,271.31
2025-12-31,7,271.31
2025-12-31,8,271.31
2025-12-31,9,270.31
2025-12-31,10,270.31
2025-12-31,11,270.31
2025-12-31,12,270.31
2025-12-31,13,270.31
2025-12-31,14,271.31
2025-12-31,15,271.31
2025-12-31,16,271.31
2025-12-31,17,271.31
2025-12-31,18,285.31
2025-12-31,19,285.31
2025-12-31,20,285.31
2025-12-31,21,285.31
2025-12-31,22,285.31
2025-12-31,23,273.6
2025-12-31,24,271.31
2026-01-01,1,327.91
2026-01-01,2,307.91
2026-01-01,3,296.32
2026-01-01,4,296.32
2026-01-01,5,296.32
2026-01-01,6,296.32
2026-01-01,7,296.32
2026-01-01,8,296.32
2026-01-01,9,272.91
2026-01-01,10,104.99
2026-01-01,11,103.54
2026-01-01,12,244.81
2026-01-01,13,272.91
2026-01-01,14,292.91
2026-01-01,15,296.32
2026-01-01,16,296.32
2026-01-01,17,296.32
2026-01-01,18,327.91
2026-01-01,19,332.91
2026-01-01,20,332.91
2026-01-01,21,332.91
2026-01-01,22,332.91
2026-01-01,23,332.91
2026-01-01,24,327.91
2026-01-02,1,329.2
2026-01-02,2,326.2
2026-01-02,3,326.2
2026-01-02,4,329.2
2026-01-02,5,326.2
2026-01-02,6,329.2
2026-01-02,7,329.2
2026-01-02,8,329.2
2026-01-02,9,329.2
2026-01-02,10,326.2
2026-01-02,11,326.2
2026-01-02,12,329.2
2026-01-02,13,329.2
2026-01-02,14,329.2
2026-01-02,15,329.2
2026-01-02,16,331.2
2026-01-02,17,331.2
2026-01-02,18,352.18
2026-01-02,19,352.18
2026-01-02,20,352.18
2026-01-02,21,352.18
2026-01-02,22,352.18
2026-01-02,23,352.18
2026-01-02,24,331.2
2026-01-03,1,342.48
2026-01-03,2,342.48
2026-01-03,3,327.48
2026-01-03,4,327.48
2026-01-03,5,327.48
2026-01-03,6,327.48
2026-01-03,7,327.48
2026-01-03,8,327.48
2026-01-03,9,327.48
2026-01-03,10,327.48
2026-01-03,11,327.48
2026-01-03,12,327.48
2026-01-03,13,327.48
2026-01-03,14,327.48
2026-01-03,15,332.48
2026-01-03,16,342.48
2026-01-03,17,352.08
2026-01-03,18,354.48
2026-01-03,19,354.48
2026-01-03,20,354.48
2026-01-03,21,354.48
2026-01-03,22,354.48
2026-01-03,23,352.08
2026-01-03,24,352.08
2026-01-04,1,282.48
2026-01-04,2,282.48
2026-01-04,3,282.48
2026-01-04,4,282.48
2026-01-04,5,282.48
2026-01-04,6,282.48
2026-01-04,7,282.48
2026-01-04,8,282.48
2026-01-04,9,282.48
2026-01-04,10,268.11
2026-01-04,11,268.11
2026-01-04,12,282.48
2026-01-04,13,282.48
2026-01-04,14,282.48
2026-01-04,15,282.48
2026-01-04,16,282.48
2026-01-04,17,330.48
2026-01-04,18,334.48
2026-01-04,19,347.08
2026-01-04,20,347.08
2026-01-04,21,347.08
2026-01-04,22,343.48
2026-01-04,23,342.48
2026-01-04,24,334.48
2026-01-05,1,293.95
2026-01-05,2,293.95
2026-01-05,3,269.58
2026-01-05,4,262.43
2026-01-05,5,269.58
2026-01-05,6,293.95
2026-01-05,7,334.16
2026-01-05,8,334.16
2026-01-05,9,334.16
2026-01-05,10,334.16
2026-01-05,11,334.16
2026-01-05,12,334.16
2026-01-05,13,334.16
2026-01-05,14,338.95
2026-01-05,15,338.95
2026-01-05,16,338.95
2026-01-05,17,338.95
2026-01-05,18,338.95
2026-01-05,19,353.95
2026-01-05,20,353.95
2026-01-05,21,353.95
2026-01-05,22,338.95
2026-01-05,23,338.95
2026-01-05,24,338.95
2026-01-06,1,301.18
2026-01-06,2,301.18
2026-01-06,3,301.18
2026-01-06,4,301.18
2026-01-06,5,301.18
2026-01-06,6,312.18
2026-01-06,7,312.18
2026-01-06,8,312.18
2026-01-06,9,312.18
2026-01-06,10,312.18
2026-01-06,11,312.18
2026-01-06,12,312.18
2026-01-06,13,312.18
2026-01-06,14,312.18
2026-01-06,15,312.18
2026-01-06,16,312.18
2026-01-06,17,339.18
2026-01-06,18,339.18
2026-01-06,19,349.6
2026-01-06,20,349.6
2026-01-06,21,339.18
2026-01-06,22,339.18
2026-01-06,23,322.18
2026-01-06,24,312.18
2026-01-07,1,252.72
2026-01-07,2,252.72
2026-01-07,3,245.62
2026-01-07,4,245.62
2026-01-07,5,249.62
2026-01-07,6,252.72
2026-01-07,7,252.72
2026-01-07,8,252.72
2026-01-07,9,252.72
2026-01-07,10,245.62
2026-01-07,11,249.62
2026-01-07,12,252.72
2026-01-07,13,252.72
2026-01-07,14,252.72
2026-01-07,15,261.2
2026-01-07,16,292.72
2026-01-07,17,292.72
2026-01-07,18,312.72
2026-01-07,19,328.21
2026-01-07,20,328.21
2026-01-07,21,328.21
2026-01-07,22,321.72
2026-01-07,23,312.72
2026-01-07,24,292.72
2026-01-08,1,108.2
2026-01-08,2,108.2
2026-01-08,3,108.2
2026-01-08,4,108.2
2026-01-08,5,118.2
2026-01-08,6,156.68
2026-01-08,7,118.2
2026-01-08,8,118.2
2026-01-08,9,118.2
2026-01-08,10,108.2
2026-01-08,11,118.2
2026-01-08,12,156.68
2026-01-08,13,228.2
2026-01-08,14,118.2
2026-01-08,15,238.2
2026-01-08,16,270.2
2026-01-08,17,270.2
2026-01-08,18,288.2
2026-01-08,19,288.2
2026-01-08,20,288.2
2026-01-08,21,288.2
2026-01-08,22,288.2
2026-01-08,23,270.2
2026-01-08,24,270.2
2026-01-09,1,148.96
2026-01-09,2,124.96
2026-01-09,3,124.96
2026-01-09,4,124.96
2026-01-09,5,148.96
2026-01-09,6,148.96
2026-01-09,7,209.96
2026-01-09,8,209.96
2026-01-09,9,148.96
2026-01-09,10,124.96
2026-01-09,11,124.96
2026-01-09,12,148.96
2026-01-09,13,148.96
2026-01-09,14,209.96
2026-01-09,15,249.96
2026-01-09,16,249.96
2026-01-09,17,249.96
2026-01-09,18,249.96
2026-01-09,19,279.96
2026-01-09,20,279.96
2026-01-09,21,279.96
2026-01-09,22,249.96
2026-01-09,23,249.96
2026-01-09,24,228.86
2026-01-10,1,176.79
2026-01-10,2,176.79
2026-01-10,3,165.79
2026-01-10,4,165.79
2026-01-10,5,165.79
2026-01-10,6,176.79
2026-01-10,7,176.79
2026-01-10,8,176.79
2026-01-10,9,151.79
2026-01-10,10,113.87
2026-01-10,11,113.87
2026-01-10,12,151.79
2026-01-10,13,151.79
2026-01-10,14,151.79
2026-01-10,15,176.79
2026-01-10,16,176.79
2026-01-10,17,214.79
2026-01-10,18,276.79
2026-01-10,19,276.79
2026-01-10,20,276.79
2026-01-10,21,276.79
2026-01-10,22,276.79
2026-01-10,23,276.79
2026-01-10,24,214.79
2026-01-11,1,119.1
2026-01-11,2,116.19
2026-01-11,3,116.19
2026-01-11,4,116.19
2026-01-11,5,116.19
2026-01-11,6,116.19
2026-01-11,7,116.19
2026-01-11,8,114.73
2026-01-11,9,110.6
2026-01-11,10,110.6
2026-01-11,11,110.6
2026-01-11,12,110.6
2026-01-11,13,112.1
2026-01-11,14,116.18
2026-01-11,15,116.19
2026-01-11,16,116.19
2026-01-11,17,119.1
2026-01-11,18,119.1
2026-01-11,19,154.1
2026-01-11,20,219.1
2026-01-11,21,154.1
2026-01-11,22,154.1
2026-01-11,23,124.1
2026-01-11,24,119.1
2026-01-12,1,117.88
2026-01-12,2,113.88
2026-01-12,3,113.88
2026-01-12,4,113.88
2026-01-12,5,113.88
2026-01-12,6,113.88
2026-01-12,7,113.88
2026-01-12,8,113.88
2026-01-12,9,113.47
2026-01-12,10,113.47
2026-01-12,11,113.47
2026-01-12,12,151.38
2026-01-12,13,151.38
2026-01-12,14,196.38
2026-01-12,15,196.38
2026-01-12,16,196.38
2026-01-12,17,206.38
2026-01-12,18,206.38
2026-01-12,19,216.38
2026-01-12,20,216.38
2026-01-12,21,216.38
2026-01-12,22,216.38
2026-01-12,23,206.38
2026-01-12,24,206.38
2026-01-13,1,105.22
2026-01-13,2,105.21
2026-01-13,3,105.21
2026-01-13,4,105.2
2026-01-13,5,105.21
2026-01-13,6,105.22
2026-01-13,7,105.22
2026-01-13,8,105.22
2026-01-13,9,105.22
2026-01-13,10,105.22
2026-01-13,11,105.22
2026-01-13,12,105.22
2026-01-13,13,105.22
2026-01-13,14,105.22
2026-01-13,15,188.12
2026-01-13,16,208.12
2026-01-13,17,208.12
2026-01-13,18,208.12
2026-01-13,19,209.12
2026-01-13,20,209.12
2026-01-13,21,209.12
2026-01-13,22,208.12
2026-01-13,23,208.12
2026-01-13,24,188.12
2026-01-14,1,109.66
2026-01-14,2,109.66
2026-01-14,3,109.66
2026-01-14,4,109.66
2026-01-14,5,109.66
2026-01-14,6,109.66
2026-01-14,7,109.66
2026-01-14,8,109.66
2026-01-14,9,109.66
2026-01-14,10,109.66
2026-01-14,11,109.66
2026-01-14,12,109.66
2026-01-14,13,109.66
2026-01-14,14,109.66
2026-01-14,15,138.17
2026-01-14,16,138.17
2026-01-14,17,142.17
2026-01-14,18,213.17
2026-01-14,19,213.17
2026-01-14,20,217.17
2026-01-14,21,213.17
2026-01-14,22,213.17
2026-01-14,23,142.17
2026-01-14,24,138.17
2026-01-15,1,111.96
2026-01-15,2,111.96
2026-01-15,3,111.96
2026-01-15,4,111.96
2026-01-15,5,111.96
2026-01-15,6,111.96
2026-01-15,7,117.55
2026-01-15,8,117.55
2026-01-15,9,117.55
2026-01-15,10,111.96
2026-01-15,11,117.55
2026-01-15,12,117.55
2026-01-15,13,117.55
2026-01-15,14,119.1
2026-01-15,15,190.56
2026-01-15,16,190.56
2026-01-15,17,190.56
2026-01-15,18,190.56
2026-01-15,19,190.56
2026-01-15,20,191.56
2026-01-15,21,190.56
2026-01-15,22,190.56
2026-01-15,23,190.56
2026-01-15,24,117.55
2026-01-16,1,109.65
2026-01-16,2,109.65
2026-01-16,3,109.65
2026-01-16,4,109.65
2026-01-16,5,109.65
2026-01-16,6,109.65
2026-01-16,7,109.65
2026-01-16,8,109.65
2026-01-16,9,109.65
2026-01-16,10,109.65
2026-01-16,11,109.65
2026-01-16,12,109.65
2026-01-16,13,109.65
2026-01-16,14,109.65
2026-01-16,15,109.65
2026-01-16,16,109.65
2026-01-16,17,113.78
2026-01-16,18,117.25
2026-01-16,19,168.25
2026-01-16,20,168.25
2026-01-16,21,168.25
2026-01-16,22,117.25
2026-01-16,23,109.65
2026-01-16,24,109.65
2026-01-17,1,100.55
2026-01-17,2,100.55
2026-01-17,3,100.55
2026-01-17,4,100.55
2026-01-17,5,100.55
2026-01-17,6,100.55
2026-01-17,7,104.69
2026-01-17,8,100.55
2026-01-17,9,100.55
2026-01-17,10,100.55
2026-01-17,11,100.55
2026-01-17,12,100.55
2026-01-17,13,100.55
2026-01-17,14,100.55
2026-01-17,15,100.55
2026-01-17,16,100.55
2026-01-17,17,108.15
2026-01-17,18,114.15
2026-01-17,19,126.15
2026-01-17,20,126.15
2026-01-17,21,126.15
2026-01-17,22,126.15
2026-01-17,23,126.15
2026-01-17,24,108.15
2026-01-18,1,105.32
2026-01-18,2,105.32
2026-01-18,3,105.32
2026-01-18,4,103.31
2026-01-18,5,101.86
2026-01-18,6,103.31
2026-01-18,7,97.72
2026-01-18,8,97.72
2026-01-18,9,97.72
2026-01-18,10,97.72
2026-01-18,11,97.72
2026-01-18,12,97.72
2026-01-18,13,97.72
2026-01-18,14,97.72
2026-01-18,15,97.72
2026-01-18,16,97.72
2026-01-18,17,105.32
2026-01-18,18,113.32
2026-01-18,19,166.32
2026-01-18,20,171.32
2026-01-18,21,171.32
2026-01-18,22,166.32
2026-01-18,23,166.32
2026-01-18,24,113.32
2026-01-19,1,111.92
2026-01-19,2,107.92
2026-01-19,3,105.91
2026-01-19,4,107.92
2026-01-19,5,107.92
2026-01-19,6,111.92
2026-01-19,7,149.92
2026-01-19,8,149.92
2026-01-19,9,149.92
2026-01-19,10,111.92
2026-01-19,11,149.92
2026-01-19,12,149.92
2026-01-19,13,149.92
2026-01-19,14,149.92
2026-01-19,15,149.92
2026-01-19,16,158.92
2026-01-19,17,173.92
2026-01-19,18,178.92
2026-01-19,19,178.92
2026-01-19,20,178.92
2026-01-19,21,178.92
2026-01-19,22,178.92
2026-01-19,23,178.92
2026-01-19,24,173.92
2026-01-20,1,174.33
2026-01-20,2,174.33
2026-01-20,3,174.33
2026-01-20,4,174.33
2026-01-20,5,174.33
2026-01-20,6,176.23
2026-01-20,7,176.33
2026-01-20,8,176.23
2026-01-20,9,174.33
2026-01-20,10,174.33
2026-01-20,11,174.33
2026-01-20,12,174.33
2026-01-20,13,174.33
2026-01-20,14,176.23
2026-01-20,15,176.33
2026-01-20,16,176.33
2026-01-20,17,176.33
2026-01-20,18,178.33
2026-01-20,19,181.33
2026-01-20,20,191.33
2026-01-20,21,181.33
2026-01-20,22,181.33
2026-01-20,23,178.33
2026-01-20,24,176.33
2026-01-21,1,175.89
2026-01-21,2,175.89
2026-01-21,3,175.89
2026-01-21,4,175.89
2026-01-21,5,175.89
2026-01-21,6,175.89
2026-01-21,7,177.89
2026-01-21,8,175.89
2026-01-21,9,175.89
2026-01-21,10,175.89
2026-01-21,11,175.89
2026-01-21,12,175.89
2026-01-21,13,175.89
2026-01-21,14,175.89
2026-01-21,15,175.89
2026-01-21,16,177.89
2026-01-21,17,188.09
2026-01-21,18,188.09
2026-01-21,19,205.89
2026-01-21,20,205.89
2026-01-21,21,195.89
2026-01-21,22,188.09
2026-01-21,23,188.09
2026-01-21,24,180.89
2026-01-22,1,181.85
2026-01-22,2,181.85
2026-01-22,3,181.85
2026-01-22,4,181.85
2026-01-22,5,181.85
2026-01-22,6,181.85
2026-01-22,7,181.85
2026-01-22,8,181.85
2026-01-22,9,181.85
2026-01-22,10,181.85
2026-01-22,11,181.85
2026-01-22,12,181.85
2026-01-22,13,181.85
2026-01-22,14,181.85
2026-01-22,15,191.17
2026-01-22,16,191.17
2026-01-22,17,195.85
2026-01-22,18,195.85
2026-01-22,19,210.85
2026-01-22,20,220.85
2026-01-22,21,195.85
2026-01-22,22,195.85
2026-01-22,23,191.17
2026-01-22,24,191.17
2026-01-23,1,196.79
2026-01-23,2,196.79
2026-01-23,3,196.79
2026-01-23,4,196.79
2026-01-23,5,196.79
2026-01-23,6,196.79
2026-01-23,7,196.79
2026-01-23,8,196.79
2026-01-23,9,196.79
2026-01-23,10,196.79
2026-01-23,11,196.79
2026-01-23,12,196.79
2026-01-23,13,196.79
2026-01-23,14,196.79
2026-01-23,15,196.79
2026-01-23,16,207.79
2026-01-23,17,211.31
2026-01-23,18,211.31
2026-01-23,19,211.79
2026-01-23,20,220.79
2026-01-23,21,211.79
2026-01-23,22,220.79
2026-01-23,23,211.79
2026-01-23,24,211.31
2026-01-24,1,236.72
2026-01-24,2,231.72
2026-01-24,3,201.72
2026-01-24,4,201.72
2026-01-24,5,201.72
2026-01-24,6,201.72
2026-01-24,7,201.72
2026-01-24,8,201.72
2026-01-24,9,201.72
2026-01-24,10,201.72
2026-01-24,11,201.72
2026-01-24,12,201.72
2026-01-24,13,201.72
2026-01-24,14,201.72
2026-01-24,15,201.72
2026-01-24,16,201.72
2026-01-24,17,206.72
2026-01-24,18,211.72
2026-01-24,19,241.91
2026-01-24,20,241.91
2026-01-24,21,241.91
2026-01-24,22,211.72
2026-01-24,23,211.72
2026-01-24,24,241.91
2026-01-25,1,227.86
2026-01-25,2,227.86
2026-01-25,3,227.86
2026-01-25,4,227.86
2026-01-25,5,227.86
2026-01-25,6,227.86
2026-01-25,7,227.86
2026-01-25,8,217.93
2026-01-25,9,217.93
2026-01-25,10,217.86
2026-01-25,11,217.86
2026-01-25,12,217.86
2026-01-25,13,217.86
2026-01-25,14,217.86
2026-01-25,15,217.93
2026-01-25,16,217.93
2026-01-25,17,217.93
2026-01-25,18,227.86
2026-01-25,19,253.86
2026-01-25,20,253.86
2026-01-25,21,253.86
2026-01-25,22,253.86
2026-01-25,23,232.86
2026-01-25,24,232.86
2026-01-26,1,235.57
2026-01-26,2,235.57
2026-01-26,3,230.57
2026-01-26,4,230.57
2026-01-26,5,230.57
2026-01-26,6,235.57
2026-01-26,7,248.57
2026-01-26,8,235.57
2026-01-26,9,235.57
2026-01-26,10,235.57
2026-01-26,11,235.57
2026-01-26,12,235.57
2026-01-26,13,235.57
2026-01-26,14,235.57
2026-01-26,15,248.57
2026-01-26,16,248.57
2026-01-26,17,248.57
2026-01-26,18,252.57
2026-01-26,19,291.52
2026-01-26,20,291.52
2026-01-26,21,291.52
2026-01-26,22,291.52
2026-01-26,23,252.57
2026-01-26,24,248.57
2026-01-27,1,259.32
2026-01-27,2,254.32
2026-01-27,3,254.32
2026-01-27,4,254.32
2026-01-27,5,259.32
2026-01-27,6,259.32
2026-01-27,7,259.32
2026-01-27,8,259.32
2026-01-27,9,259.32
2026-01-27,10,259.32
2026-01-27,11,259.32
2026-01-27,12,259.32
2026-01-27,13,259.32
2026-01-27,14,259.32
2026-01-27,15,265.32
2026-01-27,16,265.32
2026-01-27,17,267.66
2026-01-27,18,267.66
2026-01-27,19,267.66
2026-01-27,20,285.32
2026-01-27,21,267.66
2026-01-27,22,267.66
2026-01-27,23,265.32
2026-01-27,24,259.32
2026-01-28,1,253.94
2026-01-28,2,253.94
2026-01-28,3,253.94
2026-01-28,4,253.94
2026-01-28,5,253.94
2026-01-28,6,254.87
2026-01-28,7,254.87
2026-01-28,8,254.87
2026-01-28,9,253.94
2026-01-28,10,253.94
2026-01-28,11,254.87
2026-01-28,12,254.87
2026-01-28,13,254.87
2026-01-28,14,254.87
2026-01-28,15,261.94
2026-01-28,16,261.94
2026-01-28,17,264.94
2026-01-28,18,264.94
2026-01-28,19,264.94
2026-01-28,20,266.94
2026-01-28,21,264.94
2026-01-28,22,264.94
2026-01-28,23,264.94
2026-01-28,24,254.87
2026-01-29,1,242.62
2026-01-29,2,242.62
2026-01-29,3,242.62
2026-01-29,4,242.62
2026-01-29,5,242.62
2026-01-29,6,242.74
2026-01-29,7,242.74
2026-01-29,8,242.74
2026-01-29,9,242.62
2026-01-29,10,242.62
2026-01-29,11,242.74
2026-01-29,12,242.74
2026-01-29,13,242.62
2026-01-29,14,242.74
2026-01-29,15,242.74
2026-01-29,16,242.74
2026-01-29,17,255.62
2026-01-29,18,255.62
2026-01-29,19,255.62
2026-01-29,20,264.62
2026-01-29,21,255.62
2026-01-29,22,255.62
2026-01-29,23,255.62
2026-01-29,24,242.74
2026-01-30,1,108.36
2026-01-30,2,112.5
2026-01-30,3,112.5
2026-01-30,4,113.95
2026-01-30,5,113.95
2026-01-30,6,247.09
2026-01-30,7,247.09
2026-01-30,8,247.09
2026-01-30,9,166.96
2026-01-30,10,114.97
2026-01-30,11,247.09
2026-01-30,12,247.09
2026-01-30,13,113.95
2026-01-30,14,247.09
2026-01-30,15,247.09
2026-01-30,16,251.96
2026-01-30,17,251.96
2026-01-30,18,251.96
2026-01-30,19,256.96
2026-01-30,20,251.96
2026-01-30,21,251.96
2026-01-30,22,251.96
2026-01-30,23,247.09
2026-01-30,24,247.09
2026-01-31,1,208.17
2026-01-31,2,208.17
2026-01-31,3,208.17
2026-01-31,4,208.17
2026-01-31,5,208.17
2026-01-31,6,208.17
2026-01-31,7,208.17
2026-01-31,8,208.17
2026-01-31,9,208.17
2026-01-31,10,208.17
2026-01-31,11,208.17
2026-01-31,12,208.17
2026-01-31,13,208.17
2026-01-31,14,208.17
2026-01-31,15,208.17
2026-01-31,16,208.17
2026-01-31,17,218.67
2026-01-31,18,218.67
2026-01-31,19,218.79
2026-01-31,20,218.79
2026-01-31,21,218.67
2026-01-31,22,218.67
2026-01-31,23,218.67
2026-01-31,24,208.17
